NameAlphabetical,NameNonAlph,FinalParams,LatexName,NumParticles,NumExperiments,NumBayesTimes,ResampleThreshold,ResamplerA,PHGPrefactor,LogFile,ParamConfiguration,ConfigLatex,Time,QID,CorrectModel,Underfit,Overfit,Misfit,NumQubits,NumParams,LearnedParameters,FinalSigmas,QuadraticLosses,ExpectationValues,TrackParameterEstimates,TrackVolume,TrackTimesLearned,TrackCovarianceMatrices,FinalRSquared,p-value,LearnedHamiltonian,GrowthGenerator,Heuristic,ChampLatex
yTiPPzTi,yTiPPzTi,"[[ 4.72290915  1.17845921]
 [ 2.46073888  1.26762575]]","$\hat{S}_{y,z}$",25,7,7,0.5,0.98,1.0,/panfs/panasas01/phys/bf16951/QMD/ParallelDevelopment/Results/Sep_04/10_08/logs/experimental-run__plur-random-probe__test_4.qmd.8673833.log,config_p25_e7_b7_ra0.98_rt0.5_rp1.0,$P_{25}E_{7}B_{7}RT_{0.5}RA_{0.98}RP_{1.0}H_{350}|\psi>_{40}PN_{0.001}BF^{bin }_{True}BF^{all }_{False}$,104.6138162612915,4,0,1,0,0,2,2,"{'yTi': 4.7229091497062816, 'zTi': 2.4607388770832292}","{'yTi': 1.1784592136458496, 'zTi': 1.2676257546582606}",[],"{0.0: 0.99999960444084091, 0.01: 0.99237268874905393, 0.02: 0.97005200044957007, 0.029999999999999999: 0.93469681713717989, 0.040000000000000001: 0.88889432750866215, 0.050000000000000003: 0.83590894592602494, 0.059999999999999998: 0.77936738225983648, 0.070000000000000007: 0.72291117321450216, 0.080000000000000002: 0.66985162831353517, 0.089999999999999997: 0.62286185474124789, 0.10000000000000001: 0.58373673006454585, 0.11: 0.55324477517438653, 0.12: 0.53108654223529428, 0.13: 0.51596331968750697, 0.14000000000000001: 0.50574876337480335, 0.14999999999999999: 0.49774562307513337, 0.16: 0.48900110418982934, 0.17000000000000001: 0.47664845887724339, 0.17999999999999999: 0.45823974149489344, 0.19: 0.43203555911286262, 0.20000000000000001: 0.39722200836816324, 0.20999999999999999: 0.35403237353162775, 0.22: 0.30376081973855906, 0.23000000000000001: 0.2486662718569661, 0.23999999999999999: 0.19177581399358801, 0.25: 0.13660714864086676, 0.26000000000000001: 0.086837884582020908, 0.27000000000000002: 0.04595484530900884, 0.28000000000000003: 0.016918655452820675, 0.28999999999999998: 0.0018773619567958866, 0.29999999999999999: 0.0019579308440026422, 0.31: 0.017156626543616382, 0.32000000000000001: 0.046339321337782957, 0.33000000000000002: 0.087351705222826093, 0.34000000000000002: 0.13722829216189747, 0.34999999999999998: 0.19247916785895525, 0.35999999999999999: 0.24942560360023136, 0.37: 0.30455076154283001, 0.38: 0.35483023450845352, 0.39000000000000001: 0.39800924741663379, 0.40000000000000002: 0.43279878651061754, 0.40999999999999998: 0.45897116543732719, 0.41999999999999998: 0.47734574918027617, 0.42999999999999999: 0.48966670366422382, 0.44: 0.49838559181369391, 0.45000000000000001: 0.50637128689347377, 0.46000000000000002: 0.51657704398243987, 0.46999999999999997: 0.53169891420113669, 0.47999999999999998: 0.55386056401638739, 0.48999999999999999: 0.58435688471508107, 0.5: 0.62348281604710998, 0.51000000000000001: 0.67046516665573241, 0.52000000000000002: 0.72350476720920853, 0.53000000000000003: 0.7799250979043062, 0.54000000000000004: 0.83641272374500442, 0.55000000000000004: 0.88932554320091206, 0.56000000000000005: 0.93503795318613137, 0.56999999999999995: 0.97028825497482529, 0.57999999999999996: 0.99249335463881383, 0.58999999999999997: 0.99999907578624858, 0.59999999999999998: 0.99224087187412291, 0.60999999999999999: 0.96979874577445102, 0.62: 0.93434084298628217, 0.63: 0.88846140345460878, 0.64000000000000001: 0.83542940026275048, 0.65000000000000002: 0.77887318462234623, 0.66000000000000003: 0.72243288595613753, 0.67000000000000004: 0.6694155331408036, 0.68000000000000005: 0.62248754299111686, 0.68999999999999995: 0.58343539772774711, 0.69999999999999996: 0.55301839211115411, 0.70999999999999996: 0.53092797625491328, 0.71999999999999997: 0.51585739926026308, 0.72999999999999998: 0.50567416752711547, 0.73999999999999999: 0.49767740312737307, 0.75: 0.48891357792599199, 0.76000000000000001: 0.47651817997363377, 0.77000000000000002: 0.45804823940478245, 0.78000000000000003: 0.43177156787824988, 0.79000000000000004: 0.39688295465176171, 0.80000000000000004: 0.35362496928486264, 0.81000000000000005: 0.30330069573819851, 0.81999999999999995: 0.24817668565820306, 0.82999999999999996: 0.19128555980680018, 0.83999999999999997: 0.13614787772796677, 0.84999999999999998: 0.086441104773925859, 0.85999999999999999: 0.04564890108984776, 0.87: 0.016725992409992507, 0.88: 0.0018123510161716094, 0.89000000000000001: 0.0020254714647807148, 0.90000000000000002: 0.01735166962662138, 0.91000000000000003: 0.046647359938275179, 0.92000000000000004: 0.087750183629655809, 0.93000000000000005: 0.13768879137749379, 0.93999999999999995: 0.19297014735092544, 0.94999999999999996: 0.24991542330340089, 0.95999999999999996: 0.30501068012368504, 0.96999999999999997: 0.35523708268886223, 0.97999999999999998: 0.39834750840428435, 0.98999999999999999: 0.43306187592966561, 1.0: 0.45916178448169942, 1.01: 0.4774752787873211, 1.02: 0.48975370480158653, 1.03: 0.49845356763538429, 1.04: 0.50644593737203814, 1.05: 0.51668329508404132, 1.0600000000000001: 0.53185802652880743, 1.0700000000000001: 0.55408761778929927, 1.0800000000000001: 0.58465889979419616, 1.0900000000000001: 0.6238577013235761, 1.1000000000000001: 0.67090160900781537, 1.1100000000000001: 0.72398307492306446, 1.1200000000000001: 0.78041891659420537, 1.1299999999999999: 0.8368914542079251, 1.1399999999999999: 0.88975721927114149, 1.1499999999999999: 0.93539229074610231, 1.1599999999999999: 0.97053956558155097, 1.1699999999999999: 0.99262303053657253, 1.1799999999999999: 0.99999739605249427, 1.1899999999999999: 0.9921079477409388, 1.2: 0.96954450987317253, 1.21: 0.93398408360568752, 1.22: 0.88802794113506978, 1.23: 0.83494959043311345, 1.24: 0.77837899778298136, 1.25: 0.7219548592621472, 1.26: 0.66897989986125828, 1.27: 0.62211382794019454, 1.28: 0.58313471924670013, 1.29: 0.55279263934055156, 1.3: 0.53076994155067425, 1.3100000000000001: 0.5157518486762751, 1.3200000000000001: 0.50559973712705963, 1.3300000000000001: 0.49760912513453071, 1.3400000000000001: 0.48882577685285566, 1.3500000000000001: 0.47638744135976174, 1.3600000000000001: 0.45785614642990224, 1.3700000000000001: 0.43150692465345419, 1.3799999999999999: 0.39654326704173237, 1.3899999999999999: 0.3532170294080923, 1.3999999999999999: 0.30284020720641847, 1.4099999999999999: 0.24768696394485412, 1.4199999999999999: 0.19079543602200455, 1.4299999999999999: 0.13568901501634323, 1.4399999999999999: 0.086044996344546876, 1.45: 0.045343851477807728, 1.46: 0.016534385652936412, 1.47: 0.001748480791430751, 1.48: 0.0020941517679067267, 1.49: 0.017547765991313469, 1.5: 0.046956288451192152, 1.51: 0.08814932746537818, 1.52: 0.13814969213711303, 1.53: 0.19346125048569296, 1.54: 0.2504051012340891, 1.55: 0.30547022895791787, 1.5600000000000001: 0.35564339149313007, 1.5700000000000001: 0.39868513349116275, 1.5800000000000001: 0.43332431317836306, 1.5900000000000001: 0.45935181418707327, 1.6000000000000001: 0.4776043516778129, 1.6100000000000001: 0.48984043514622999, 1.6200000000000001: 0.49852148992399459, 1.6299999999999999: 0.50652075773075578, 1.6399999999999999: 0.51678991981915257, 1.6499999999999999: 0.5320176727881023, 1.6599999999999999: 0.55431530300420739, 1.6699999999999999: 0.58496156816055689, 1.6799999999999999: 0.62423318098277958, 1.6899999999999999: 0.67133850934378159, 1.7: 0.724461638024127, 1.71: 0.78091274009932976, 1.72: 0.83736991426846852, 1.73: 0.89018835117394057, 1.74: 0.93574583807079881, 1.75: 0.97078989133333449, 1.76: 0.99275159727396323, 1.77: 0.99999456524798158, 1.78: 0.99197391709993865, 1.79: 0.96928929416522003, 1.8: 0.93362654094612507, 1.8100000000000001: 0.88759394284327897, 1.8200000000000001: 0.83446951885219101, 1.8300000000000001: 0.77788482404828296, 1.8400000000000001: 0.72147709511359981, 1.8500000000000001: 0.66854472994878522, 1.8600000000000001: 0.6217407104268643, 1.8700000000000001: 0.58283469476213323, 1.8799999999999999: 0.55256751631568046, 1.8899999999999999: 0.53061243696897742, 1.8999999999999999: 0.5156466663185939, 1.9099999999999999: 0.50552547028528283, 1.9199999999999999: 0.49754078715375949, 1.9299999999999999: 0.48873769919847732, 1.9399999999999999: 0.47625624164144464, 1.95: 0.4576634617218851, 1.96: 0.43124162924786857, 1.97: 0.39620294604942341, 1.98: 0.35280855508632392, 1.99: 0.30237935590367992, 2.0: 0.24719710889442925, 2.0099999999999998: 0.19030544503095415, 2.02: 0.13523056288511459, 2.0299999999999998: 0.085649561432240562, 2.04: 0.045039698164027753, 2.0499999999999998: 0.016343836261577871, 2.0600000000000001: 0.0016857516462895905, 2.0699999999999998: 0.0021639713654588721, 2.0800000000000001: 0.017744914535846701, 2.0899999999999999: 0.047266105167817263, 2.1000000000000001: 0.08854913458002045, 2.1099999999999999: 0.13861099205700889, 2.1200000000000001: 0.19395247487420786, 2.1299999999999999: 0.25089463522440747, 2.1400000000000001: 0.30592940630052834, 2.1499999999999999: 0.35604915975588725, 2.1600000000000001: 0.39902212218768485, 2.1699999999999999: 0.43358609846894391, 2.1800000000000002: 0.45954125542107782, 2.1899999999999999: 0.47773296926086162, 2.2000000000000002: 0.48992689647916687, 2.21: 0.49858936062468828, 2.2200000000000002: 0.50659574985433764, 2.23: 0.51689691979362706, 2.2400000000000002: 0.53217785411625185, 2.25: 0.55454362018809722, 2.2599999999999998: 0.58526488965205803, 2.27: 0.62460925416575508, 2.2799999999999998: 0.67177586617212115, 2.29: 0.72494045451854117, 2.2999999999999998: 0.78140656610658199, 2.3100000000000001: 0.83784810151198408, 2.3199999999999998: 0.89061893662354519, 2.3300000000000001: 0.93609859322334998, 2.3399999999999999: 0.97103923082963972, 2.3500000000000001: 0.99287905412276634, 2.3599999999999999: 0.99999058338764735, 2.3700000000000001: 0.99183878070776654, 2.3799999999999999: 0.96903310007535737, 2.3900000000000001: 0.93326821696215945, 2.3999999999999999: 0.88715941087450623, 2.4100000000000001: 0.83398918793510868, 2.4199999999999999: 0.77739066572287241, 2.4300000000000002: 0.72099959548789161, 2.4399999999999999: 0.66811002487222715, 2.4500000000000002: 0.62136819128363507, 2.46: 0.58253532440867195, 2.4700000000000002: 0.55234302248393852, 2.48: 0.53045546135151833, 2.4900000000000002: 0.51554185056703428, 2.5: 0.50545136511099975, 2.5099999999999998: 0.49747238724273335, 2.52: 0.48864934319333797, 2.5299999999999998: 0.47612457942857145, 2.54: 0.45747018443766874, 2.5499999999999998: 0.43097568147687659, 2.5600000000000001: 0.39586199219224605, 2.5699999999999998: 0.35239954751006874, 2.5800000000000001: 0.30191814359482394, 2.5899999999999999: 0.24670712268721828, 2.6000000000000001: 0.18981558922628428, 2.6099999999999999: 0.13477252371229387, 2.6200000000000001: 0.085254802172329613, 2.6299999999999999: 0.044736442834976353, 2.6400000000000001: 0.016154345309995266, 2.6499999999999999: 0.0016241639379988015, 2.6600000000000001: 0.0022349298630637282, 2.6699999999999999: 0.017943114152560113, 2.6800000000000002: 0.047576808374835577, 2.6899999999999999: 0.08894960282064579, 2.7000000000000002: 0.13907268875239132, 2.71: 0.1944438181283753, 2.7200000000000002: 0.25138402310931751, 2.73: 0.30638821041093878, 2.7400000000000002: 0.35645438631731952, 2.75: 0.39935847401034452, 2.7599999999999998: 0.43384723201962627, 2.77: 0.4597301090566096, 2.7799999999999998: 0.47786113294958676, 2.79: 0.49001309058376663, 2.7999999999999998: 0.49865718168307216, 2.8100000000000001: 0.5066709156259801, 2.8199999999999998: 0.51700429661001801, 2.8300000000000001: 0.53233857164572485, 2.8399999999999999: 0.55477256986222823, 2.8500000000000001: 0.58556886410050035, 2.8599999999999999: 0.62498592000767417, 2.8700000000000001: 0.67221367799633713, 2.8799999999999999: 0.72541952240883201, 2.8900000000000001: 0.78190039230100861, 2.8999999999999999: 0.83832601352394498, 2.9100000000000001: 0.89104897333630684, 2.9199999999999999: 0.93645055427079482, 2.9300000000000002: 0.97128758267525239, 2.9399999999999999: 0.99300540036099549, 2.9500000000000002: 0.9999854504929615, 2.96: 0.99170253932726637, 2.9700000000000002: 0.96877592903360565, 2.98: 0.93290911361218343, 2.9900000000000002: 0.8867243475260318, 3.0: 0.83350860009702499, 3.0099999999999998: 0.77689652510942664, 3.02: 0.72052236235872424, 3.0299999999999998: 0.6676757860953787, 3.04: 0.62099627133714075, 3.0499999999999998: 0.58223660831484036, 3.0600000000000001: 0.55211915728704097, 3.0699999999999998: 0.53029901353529407, 3.0800000000000001: 0.51543739979819292, 3.0899999999999999: 0.5053774197120231, 3.1000000000000001: 0.49740392345967555, 3.1099999999999999: 0.48856070707035582, 3.1200000000000001: 0.47599245333511619, 3.1299999999999999: 0.45727631373950361, 3.1400000000000001: 0.43070908116185136, 3.1499999999999999: 0.39552040599367222, 3.1600000000000001: 0.35199000787532264, 3.1699999999999999: 0.30145657204903331, 3.1800000000000002: 0.24621700750626463, 3.1899999999999999: 0.18932587100149634, 3.2000000000000002: 0.13431489987473411, 3.21: 0.084860720697095049, 3.2200000000000002: 0.044434087172455339, 3.23: 0.015965913866421211, 3.2400000000000002: 0.0015637180173542209, 3.25: 0.0023070268599143517, 3.2599999999999998: 0.018142363728010258, 3.27: 0.047888396354331286, 3.2799999999999998: 0.089350730031375503, 3.29: 0.13953477983745377, 3.2999999999999998: 0.19493527786108156, 3.3100000000000001: 0.25187326272663479, 3.3199999999999998: 0.30684663955300628, 3.3300000000000001: 0.35685907002313155, 3.3399999999999999: 0.39969418848169402, 3.3500000000000001: 0.4341077140545978, 3.3599999999999999: 0.45991837597181973, 3.3700000000000001: 0.47798884416111975, 3.3799999999999999: 0.49009901924573296, 3.3900000000000001: 0.49872495504519143, 3.3999999999999999: 0.50674625692737107, 3.4100000000000001: 0.51711205186756493, 3.4199999999999999: 0.53249982650422845, 3.4300000000000002: 0.55500215254212459, 3.4399999999999999: 0.58587349133157007, 3.4500000000000002: 0.62536317763786964, 3.46: 0.67265194331493161, 3.4700000000000002: 0.72589883969393254, 3.48: 0.78239421636583317, 3.4900000000000002: 0.83880364788997497, 3.5: 0.89147845903068823, 3.5099999999999998: 0.93680171928407818, 3.52: 0.97153494548029418, 3.5299999999999998: 0.99313063527289713, 3.54: 0.99997916659192732, 3.5499999999999998: 0.99156519372747531, 3.5600000000000001: 0.96851778247524978, 3.5699999999999998: 0.93254923285838554, 3.5800000000000001: 0.88628875509714611, 3.5899999999999999: 0.83302775775309779, 3.6000000000000001: 0.7764024045086716, 3.6099999999999999: 0.7200453976960991, 3.6200000000000001: 0.66724201507698011, 3.6299999999999999: 0.62062495140812046, 3.6400000000000001: 0.58193854660306221, 3.6499999999999999: 0.55189592016101074, 3.6600000000000001: 0.53014309235261781, 3.6699999999999999: 0.51533331238546798, 3.6800000000000002: 0.50530363219476115, 3.6899999999999999: 0.49733539386336612, 3.7000000000000002: 0.48847178906491062, 3.71: 0.47585986197915542, 3.7200000000000002: 0.45708184879496383, 3.73: 0.43044182813017151, 3.7400000000000002: 0.39517818798321136, 3.75: 0.35157993738357884, 3.7599999999999998: 0.30099464303984202, 3.77: 0.24572676553736716, 3.7799999999999998: 0.18883629275093661, 3.79: 0.13385769374816725, 3.7999999999999998: 0.084467319135751895, 3.8100000000000001: 0.044132632853569054, 3.8199999999999998: 0.015778542993216904, 3.8300000000000001: 0.001504414228688189, 3.8399999999999999: 0.002380261948759288, 3.8500000000000001: 0.018342662142961874, 3.8599999999999999: 0.048200867383818125, 3.8700000000000001: 0.089752514053403454, 3.8799999999999999: 0.13999726292536008, 3.8900000000000001: 0.19542685168622143, 3.8999999999999999: 0.25236235191706147, 3.9100000000000001: 0.30730469199504173, 3.9199999999999999: 0.35726320972458936, 3.9300000000000002: 0.40002926513036208, 3.9399999999999999: 0.43436754480400397, 3.9500000000000002: 0.46010605705012031, 3.96: 0.47811610431657758, 3.9700000000000002: 0.49018468425309125, 3.98: 0.49879268265749843, 3.9900000000000002: 0.50682177563865827, 4.0: 0.51722018716217777, 4.0099999999999998: 0.53266161981469407, 4.0199999999999996: 0.55523236873757642, 4.0300000000000002: 0.58617877116485462, 4.04: 0.62574102617982974, 4.0499999999999998: 0.67309066062144962, 4.0599999999999996: 0.72637840436918333, 4.0700000000000003: 0.78288803598244949, 4.0800000000000001: 0.83928100219584723, 4.0899999999999999: 0.89190739142731013, 4.0999999999999996: 0.93715208633807978, 4.1100000000000003: 0.97178131786022381, 4.1200000000000001: 0.99325475814896225, 4.1299999999999999: 0.99997173171908094, 4.1399999999999997: 0.9914267446836218, 4.1500000000000004: 0.968258661840811, 4.1600000000000001: 0.93218857666675314, 4.1699999999999999: 0.88585263588911023, 4.1799999999999997: 0.83254666331849148, 4.1900000000000004: 0.77590830621936246, 4.2000000000000002: 0.71956870346629975, 4.21: 0.66680871327070301, 4.2199999999999998: 0.62025423231144172, 4.2300000000000004: 0.58164113938966389, 4.2400000000000002: 0.55167331053619217, 4.2599999999999998: 0.51522958669905983, 4.2800000000000002: 0.49726679651315364, 4.2999999999999998: 0.47572680398287437, 4.3200000000000003: 0.43017392221520367, 4.3399999999999999: 0.35116933724179322, 4.3600000000000003: 0.24523639896903382, 4.3799999999999999: 0.13340090770711732, 4.4000000000000004: 0.04383208155073659, 4.4199999999999999: 0.00144625290985545, 4.4400000000000004: 0.018544008272377344, 4.46: 0.090154952725011395, 4.4800000000000004: 0.19591853721868868, 4.5: 0.30776236600979956, 4.5199999999999996: 0.40036370349105344, 4.54: 0.4602931531801453, 4.5599999999999996: 0.49027008739617051, 4.5800000000000001: 0.50689747363843662, 4.5999999999999996: 0.53282395269525074, 4.6200000000000001: 0.58648470341383052, 4.6399999999999997: 0.67352982840445685, 4.6600000000000001: 0.78338184883046857, 4.6799999999999997: 0.89233576824893479, 4.7000000000000002: 0.97202669843585432, 4.7199999999999998: 0.99996314591549096, 4.7400000000000002: 0.96799856857604738, 4.7599999999999998: 0.8854159922051531, 4.7800000000000002: 0.77541423253825736, 4.7999999999999998: 0.66637588212513799, 4.8200000000000003: 0.58134438678487976, 4.8399999999999999: 0.52983282519380337, 4.8600000000000003: 0.50515652322417981, 4.8799999999999999: 0.48829310036048901, 4.9000000000000004: 0.456691132863705, 4.9199999999999999: 0.39449185867498548, 4.9400000000000004: 0.30006971974700825, 4.96: 0.18785756575404711, 4.9800000000000004: 0.083682564256157166, 5.0: 0.01540698717805089, 5.0199999999999996: 0.0025301447412040545, 5.04: 0.04882845167998151, 5.0599999999999996: 0.14092339555757483, 5.0800000000000001: 0.25334007039451589, 5.0999999999999996: 0.35806985254728274, 5.1200000000000001: 0.43488525339656892, 5.1399999999999997: 0.47836927716360211, 5.1600000000000001: 0.49892800842046681, 5.1799999999999997: 0.51743760422953089, 5.2000000000000002: 0.55569470368559415, 5.2199999999999998: 0.62649849246378064, 5.2400000000000002: 0.72733826785365974, 5.2599999999999998: 0.84023486097113909, 5.2800000000000002: 0.93785041888747589, 5.2999999999999998: 0.99349966498676656, 5.3200000000000003: 0.99114653939554209, 5.3399999999999999: 0.93146494585281792, 5.3600000000000003: 0.83158372783773582, 5.3799999999999999: 0.71861613415164383, 5.4000000000000004: 0.61951459984504864, 5.4199999999999999: 0.55122997148322717, 5.4400000000000004: 0.51502321397014916, 5.46: 0.4971293907914407, 5.4800000000000004: 0.47545928257873205, 5.5: 0.42963615109894193, 5.5199999999999996: 0.35034655286327854, 5.54: 0.24425530080171298, 5.5599999999999996: 0.13248860537376728, 5.5800000000000001: 0.04323369465930893, 5.5999999999999996: 0.0013333590007871265, 5.6200000000000001: 0.018949839145645075, 5.6399999999999997: 0.090961785355608393, 5.6600000000000001: 0.19690223387035521, 5.6799999999999997: 0.30867657187091491, 5.7000000000000002: 0.40103066351772043, 5.7199999999999998: 0.4606655941761113, 5.7400000000000002: 0.49044011526226239, 5.7599999999999998: 0.50704941501000311, 5.7800000000000002: 0.53315024161520452, 5.7999999999999998: 0.58709852438223697, 5.8200000000000003: 0.67440950932948818, 5.8399999999999999: 0.78436944493024552, 5.8600000000000003: 0.89319084606916832, 5.8799999999999999: 0.97251447868431895, 5.9000000000000004: 0.99994252171301501, 5.9199999999999999: 0.96747546996467848, 5.9400000000000004: 0.8845411406321122, 5.96: 0.77442616817771637, 5.9800000000000004: 0.66551163758507426, 6.0: 0.58075284581158859, 6.0199999999999996: 0.52952465044028263, 6.04: 0.50501002302331932, 6.0599999999999996: 0.48811326301277191, 6.0800000000000001: 0.45629803009123049, 6.0999999999999996: 0.39380300862470807, 6.1200000000000001: 0.29914338799098139, 6.1399999999999997: 0.1868794274067247, 6.1600000000000001: 0.082900554505370705, 6.1799999999999997: 0.015039686245961414, 6.2000000000000002: 0.0026845748536783454, 6.2199999999999998: 0.049459547392288972, 6.2400000000000002: 0.14185106753503196, 6.2599999999999998: 0.25431716132536453, 6.2800000000000002: 0.35887430570673784, 6.2999999999999998: 0.43540035975779179, 6.3200000000000003: 0.47862066293892291, 6.3399999999999999: 0.49906317455125682, 6.3600000000000003: 0.51765656051228481, 6.3799999999999999: 0.55615957866962551, 6.4000000000000004: 0.62725831173074154, 6.4199999999999999: 0.72829909675381954, 6.4400000000000004: 0.84118757053991378, 6.46: 0.93854553659710271, 6.4800000000000004: 0.99374011532334094, 6.5: 0.99086192978840415, 6.5199999999999996: 0.93073823697357549, 6.54: 0.83061981297524823, 6.5599999999999996: 0.71766467007016388, 6.5800000000000001: 0.61877738033890028, 6.5999999999999996: 0.55078913545759112, 6.6200000000000001: 0.51481826850985912, 6.6399999999999997: 0.4969916907815517, 6.6600000000000001: 0.47518987818289471, 6.6799999999999997: 0.42909576660017135, 6.7000000000000002: 0.34952166450468281, 6.7199999999999998: 0.24327373056646984, 6.7400000000000002: 0.13157801184691476, 6.7599999999999998: 0.042638939783012142, 6.7800000000000002: 0.0012250388635985932, 6.7999999999999998: 0.019359847232300997, 6.8200000000000003: 0.091771210571741424, 6.8399999999999999: 0.19788634875620892, 6.8600000000000003: 0.30958924340805472, 6.8799999999999999: 0.40169506496087326, 6.9000000000000004: 0.46103570617335221, 6.9199999999999999: 0.4906091172121686, 6.9400000000000004: 0.50720209603917166, 6.96: 0.53347870211302628, 6.9800000000000004: 0.58771495262249673, 7.0: 0.67529097389966741, 7.0199999999999996: 0.78535698606665072, 7.04: 0.89404367431733944, 7.0599999999999996: 0.97299827529964578, 7.0800000000000001: 0.99991729444368871, 7.0999999999999996: 0.96694849831145768, 7.1200000000000001: 0.88366421884254986, 7.1399999999999997: 0.77343822976077714, 7.1600000000000001: 0.66464929294365027, 7.1799999999999997: 0.58016392444310483, 7.2000000000000002: 0.52921855858300781, 7.2199999999999998: 0.50486411639500572, 7.2400000000000002: 0.48793226299474202, 7.2599999999999998: 0.4559025340105376, 7.2800000000000002: 0.39311164228621753, 7.2999999999999998: 0.29821566211510864, 7.3200000000000003: 0.18590189689254899, 7.3399999999999999: 0.082121306805228445, 7.3600000000000003: 0.01467664848413297, 7.3799999999999999: 0.0028435487965847717, 7.4000000000000004: 0.050094140577268798, 7.4199999999999999: 0.1427802597287291, 7.4400000000000004: 0.25529360754032759, 7.46: 0.35967656021350392, 7.4800000000000004: 0.43591286594340206, 7.5: 0.47887027315379904, 7.5199999999999996: 0.499198196634695, 7.54: 0.51787706865648486, 7.5599999999999996: 0.5566269975608712, 7.5800000000000001: 0.62802047675874373, 7.5999999999999996: 0.72926087490474256, 7.6200000000000001: 0.8421391115959368, 7.6399999999999997: 0.93923742420885148, 7.6600000000000001: 0.99397610370779421, 7.6799999999999997: 0.99057292228623783, 7.7000000000000002: 0.93000846589199448, 7.7199999999999998: 0.82965493805031243, 7.7400000000000002: 0.71671432681691849, 7.7599999999999998: 0.61804258009941082, 7.7800000000000002: 0.55035079769825401, 7.7999999999999998: 0.51461473716649087, 7.8200000000000003: 0.49685368098081117, 7.8399999999999999: 0.47491857992215247, 7.8600000000000003: 0.42855276760217875, 7.8799999999999999: 0.3486946820180572, 7.9000000000000004: 0.2422917058681322, 7.9199999999999999: 0.13066914607892244, 7.9400000000000004: 0.042047830130737096, 7.96: 0.001121294968094988, 7.9800000000000004: 0.01977402332482614, 8.0: 0.092583210976371788, 8.0199999999999996: 0.19887086283369904, 8.0399999999999991: 0.3105003669650066, 8.0600000000000005: 0.40235690431699844, 8.0800000000000001: 0.46140349646879786, 8.0999999999999996: 0.49077710764993188, 8.1199999999999992: 0.50735553169716341, 8.1400000000000006: 0.53380934296035931, 8.1600000000000001: 0.58833398642257428, 8.1799999999999997: 0.67617420984587973, 8.1999999999999993: 0.78634445361346939, 8.2200000000000006: 0.89489423485496311, 8.2400000000000002: 0.97347807744209836, 8.2599999999999998: 0.99988746467119771, 8.2799999999999994: 0.96641766536975604, 8.3000000000000007: 0.88278524533133718, 8.3200000000000003: 0.77245043558833348, 8.3399999999999999: 0.66378885960586098, 8.3599999999999994: 0.5795776233418769, 8.3800000000000008: 0.52891454003903426, 8.4000000000000004: 0.50471878812136373, 8.4199999999999999: 0.48775008632015604, 8.4399999999999995: 0.45550463824058751, 8.4600000000000009: 0.39241776420997865, 8.4800000000000004: 0.29728655653105229}","{'yTi': array([ 4.54685751,  4.68651422,  4.74610495,  4.78303205,  4.80702637,
        4.84488775,  4.72290915]), 'zTi': array([ 3.15063723,  3.17386974,  3.0755137 ,  2.920669  ,  2.80920187,
        2.65162931,  2.46073888])}","{0: 1.1729383023163602, 1: 1.197330047218333, 2: 1.0486564877092044, 3: 1.1557452891255837, 4: 1.1602554440193547, 5: 1.1726292993962817, 6: 1.4888077257670209}","[0.85999999999999999, 0.46000000000000002, 0.27000000000000002, 0.14999999999999999, 0.040000000000000001, 0.050000000000000003, 0.059999999999999998]","[[[ 0.87497055 -0.2506414 ]
  [-0.2506414   1.64417576]]

 [[ 0.90205085 -0.45665842]
  [-0.45665842  1.82044744]]

 [[ 0.77978827 -0.52495163]
  [-0.52495163  1.76362572]]

 [[ 0.90476616 -0.52964532]
  [-0.52964532  1.78639677]]

 [[ 0.91977554 -0.55013425]
  [-0.55013425  1.7926552 ]]

 [[ 0.94035004 -0.57190886]
  [-0.57190886  1.81011234]]

 [[ 1.70390749 -0.35980587]
  [-0.35980587  1.37684042]]]",-2.68968191683,1.0,"[[ 2.46073888+0.j          0.00000000+0.j          0.00000000-4.72290915j
   0.00000000+0.j        ]
 [ 0.00000000+0.j          2.46073888+0.j          0.00000000+0.j
   0.00000000-4.72290915j]
 [ 0.00000000+4.72290915j  0.00000000+0.j         -2.46073888+0.j
   0.00000000+0.j        ]
 [ 0.00000000+0.j          0.00000000+4.72290915j  0.00000000+0.j
  -2.46073888+0.j        ]]",two_qubit_ising_rotation_hyperfine_transverse,one_over_sigma_then_linspace,"$\hat{S}_{y,z}$"
zTi,zTi,[[ 2.20722817  1.85175705]],$\hat{S}_{z}$,25,7,7,0.5,0.98,1.0,/panfs/panasas01/phys/bf16951/QMD/ParallelDevelopment/Results/Sep_04/10_08/logs/experimental-run__plur-random-probe__test_2.qmd.8673831.log,config_p25_e7_b7_ra0.98_rt0.5_rp1.0,$P_{25}E_{7}B_{7}RT_{0.5}RA_{0.98}RP_{1.0}H_{350}|\psi>_{40}PN_{0.001}BF^{bin }_{True}BF^{all }_{False}$,106.93752455711365,2,0,1,0,0,2,1,{'zTi': 2.2072281741826454},{'zTi': 1.8517570534734293},[],"{0.0: 0.99999960444084091, 0.01: 0.99564524853303482, 0.02: 0.98261062588135328, 0.029999999999999999: 0.96112401266085734, 0.040000000000000001: 0.93156170529470128, 0.050000000000000003: 0.89444143035095403, 0.059999999999999998: 0.85041327756430263, 0.070000000000000007: 0.80024831477320468, 0.080000000000000002: 0.74482508415982018, 0.089999999999999997: 0.68511421628492908, 0.10000000000000001: 0.62216143137322066, 0.11: 0.55706922554852734, 0.12: 0.4909775627491253, 0.13: 0.42504391046682044, 0.14000000000000001: 0.36042296894518833, 0.14999999999999999: 0.29824644884081053, 0.16: 0.23960325150260209, 0.17000000000000001: 0.18552039897327743, 0.17999999999999999: 0.13694504768702709, 0.19: 0.094727900858679326, 0.20000000000000001: 0.059608310064228398, 0.20999999999999999: 0.032201326929676144, 0.22: 0.012986931692818171, 0.23000000000000001: 0.0023016272788249914, 0.23999999999999999: 0.00033254610312360988, 0.25: 0.007114172809511432, 0.26000000000000001: 0.022527740338395441, 0.27000000000000002: 0.046303309901861933, 0.28000000000000003: 0.078024498438821754, 0.28999999999999998: 0.11713577075802561, 0.29999999999999999: 0.16295216866119411, 0.31: 0.21467130665947043, 0.32000000000000001: 0.2713874242014982, 0.33000000000000002: 0.33210724831553351, 0.34000000000000002: 0.39576738886213159, 0.34999999999999998: 0.46125296175326591, 0.35999999999999999: 0.52741711398822055, 0.37: 0.59310110856309495, 0.38: 0.6571546175056151, 0.39000000000000001: 0.71845586764202629, 0.40000000000000002: 0.7759312862820007, 0.40999999999999998: 0.82857430276539656, 0.41999999999999998: 0.87546297659822181, 0.42999999999999999: 0.91577614345510394, 0.44: 0.9488077962823207, 0.45000000000000001: 0.97397944964421068, 0.46000000000000002: 0.99085027077537891, 0.46999999999999997: 0.99912479991294023, 0.47999999999999998: 0.99865812470212767, 0.48999999999999999: 0.98945841805557277, 0.5: 0.97168679502056809, 0.51000000000000001: 0.94565449116100098, 0.52000000000000002: 0.91181741186913989, 0.53000000000000003: 0.87076814806552127, 0.54000000000000004: 0.82322559811648521, 0.55000000000000004: 0.77002237772138993, 0.56000000000000005: 0.71209023826094842, 0.56999999999999995: 0.65044374897605883, 0.57999999999999996: 0.58616252875220465, 0.58999999999999997: 0.52037233868528177, 0.59999999999999998: 0.45422536655597001, 0.60999999999999999: 0.38888004849188684, 0.62: 0.32548078120204482, 0.63: 0.26513788008454731, 0.64000000000000001: 0.20890813420243504, 0.65000000000000002: 0.15777629866965803, 0.66000000000000003: 0.11263784857216186, 0.67000000000000004: 0.074283296455786685, 0.68000000000000005: 0.043384348029800179, 0.68999999999999995: 0.020482138542119555, 0.69999999999999996: 0.0059777558433089517, 0.70999999999999996: 0.00012521610956239826, 0.71999999999999997: 0.0030270152412621432, 0.72999999999999998: 0.014632333845757461, 0.73999999999999999: 0.034737927240621302, 0.75: 0.062991684890689625, 0.76000000000000001: 0.098898796942255673, 0.77000000000000002: 0.14183041985947487, 0.78000000000000003: 0.19103468940119761, 0.79000000000000004: 0.24564988806720822, 0.80000000000000004: 0.30471953641158334, 0.81000000000000005: 0.36720914392803183, 0.81999999999999995: 0.43202432614788788, 0.82999999999999996: 0.49802997066487475, 0.83999999999999997: 0.56407011643083493, 0.84999999999999998: 0.62898819817504437, 0.85999999999999999: 0.69164730140531694, 0.87: 0.75095007326377528, 0.88: 0.80585794053720572, 0.89000000000000001: 0.85540929825576273, 0.90000000000000002: 0.89873635034192489, 0.91000000000000003: 0.93508030737836889, 0.92000000000000004: 0.96380467533526637, 0.93000000000000005: 0.98440640253068656, 0.93999999999999995: 0.99652468960668228, 0.94999999999999996: 0.99994730823137679, 0.95999999999999996: 0.99461431786723276, 0.96999999999999997: 0.98061911551349557, 0.97999999999999998: 0.95820680003860925, 0.98999999999999999: 0.92776987974815261, 1.0: 0.88984139836193377, 1.01: 0.84508559978544129, 1.02: 0.79428629516410398, 1.03: 0.73833313594887784, 1.04: 0.67820603337383079, 1.05: 0.61495799720841737, 1.0600000000000001: 0.54969669433044277, 1.0700000000000001: 0.48356505008562567, 1.0800000000000001: 0.41772123216336721, 1.0900000000000001: 0.35331836753238588, 1.1000000000000001: 0.2914843476548119, 1.1100000000000001: 0.23330207565132144, 1.1200000000000001: 0.17979050134993968, 1.1299999999999999: 0.13188677635293844, 1.1399999999999999: 0.090429841641249675, 1.1499999999999999: 0.056145735147742348, 1.1599999999999999: 0.029634876608750194, 1.1699999999999999: 0.011361552375061645, 1.1799999999999999: 0.001645784335549294, 1.1899999999999999: 0.00065772535348385119, 1.2: 0.0084146793686259436, 1.21: 0.024780798352226685, 1.22: 0.049469461422194216, 1.23: 0.082048294452817916, 1.24: 0.12194674227031821, 1.25: 0.16846606082187088, 1.26: 0.22079155432462372, 1.27: 0.27800684308472745, 1.28: 0.33910991211316355, 1.29: 0.40303065947794336, 1.3: 0.46864963706726592, 1.3100000000000001: 0.53481765555545391, 1.3200000000000001: 0.60037591022867076, 1.3300000000000001: 0.66417627520553157, 1.3400000000000001: 0.72510141063864519, 1.3500000000000001: 0.7820843307583889, 1.3600000000000001: 0.83412709006251406, 1.3700000000000001: 0.8803182603991645, 1.3799999999999999: 0.919848892866032, 1.3899999999999999: 0.95202668498391207, 1.3999999999999999: 0.97628810503402175, 1.4099999999999999: 0.9922082612248152, 1.4199999999999999: 0.99950834284893852, 1.4299999999999999: 0.99806050311286942, 1.4399999999999999: 0.9878900981259392, 1.45: 0.96917524283717904, 1.46: 0.94224369169689415, 1.47: 0.90756709867214247, 1.48: 0.86575275714082811, 1.49: 0.81753296432417022, 1.5: 0.76375219651891912, 1.51: 0.70535231973028933, 1.52: 0.64335609471274446, 1.53: 0.57884926529588399, 1.54: 0.51296154368374369, 1.55: 0.44684682573315271, 1.5600000000000001: 0.38166298270224608, 1.5700000000000001: 0.31855158337751543, 1.5800000000000001: 0.25861790170709398, 1.5900000000000001: 0.20291156006783395, 1.6000000000000001: 0.15240814716190809, 1.6100000000000001: 0.10799213246985073, 1.6200000000000001: 0.070441376480324447, 1.6299999999999999: 0.040413507969935702, 1.6399999999999999: 0.01843440690866438, 1.6499999999999999: 0.0048889946905272819, 1.6599999999999999: 1.4492980731750649e-05, 1.6699999999999999: 0.0038962692375754671, 1.6799999999999999: 0.016466341666721673, 1.6899999999999999: 0.037504569790686393, 1.7: 0.066642509783012893, 1.71: 0.10336986704842777, 1.72: 0.14704343304451772, 1.73: 0.19689834983382914, 1.74: 0.25206150508954062, 1.75: 0.31156682296714222, 1.76: 0.37437218305211317, 1.77: 0.43937767108098469, 1.78: 0.50544484180974858, 1.79: 0.5714166566777904, 1.8: 0.63613774709774384, 1.8100000000000001: 0.69847464849900676, 1.8200000000000001: 0.75733565076481457, 1.8300000000000001: 0.81168991742091323, 1.8400000000000001: 0.86058553874025423, 1.8500000000000001: 0.90316620259856384, 1.8600000000000001: 0.93868619112299401, 1.8700000000000001: 0.9665234404966464, 1.8799999999999999: 0.98619043520172789, 1.8899999999999999: 0.9973427459098132, 1.8999999999999999: 0.99978506149455937, 1.9099999999999999: 0.99347460952788247, 1.9199999999999999: 0.97852190535620709, 1.9299999999999999: 0.95518881663817823, 1.9399999999999999: 0.92388397723971227, 1.95: 0.88515563080312831, 1.96: 0.83968202932138292, 1.97: 0.78825955486781674, 1.98: 0.73178877250626539, 1.99: 0.67125865863786838, 2.0: 0.60772928099447032, 2.0099999999999998: 0.54231323360507111, 2.02: 0.4761561518658497, 2.0299999999999998: 0.41041664895466856, 2.04: 0.34624602496482015, 2.0499999999999998: 0.28476810411333142, 2.0600000000000001: 0.22705955313599158, 2.0699999999999998: 0.17413102555438664, 2.0800000000000001: 0.12690946203651743, 2.0899999999999999: 0.086221856825977827, 2.1000000000000001: 0.052780774539174513, 2.1099999999999999: 0.027171870975921775, 2.1200000000000001: 0.009843636492185448, 2.1299999999999999: 0.0010995415599698299, 2.1400000000000001: 0.0010927220696522744, 2.1499999999999999: 0.0098232974514003146, 2.1600000000000001: 0.027138368583584427, 2.1699999999999999: 0.052734695524810027, 2.1800000000000002: 0.086164008174294926, 2.1899999999999999: 0.12684085685462965, 2.2000000000000002: 0.17405286532920572, 2.21: 0.22697320669250876, 2.2200000000000002: 0.28467508364230132, 2.23: 0.3461479595396646, 2.2400000000000002: 0.41031525600141117, 2.25: 0.47605320708572663, 2.2599999999999998: 0.54221053987655787, 2.27: 0.60762863679936729, 2.2799999999999998: 0.67116182656435641, 2.29: 0.73169744838060879, 2.2999999999999998: 0.7881753380552281, 2.3100000000000001: 0.83960639471625909, 2.3199999999999998: 0.8850899029991125, 2.3300000000000001: 0.92382930733201807, 2.3399999999999999: 0.9551461620643722, 2.3500000000000001: 0.97849201312855161, 2.3599999999999999: 0.99345800315086086, 2.3700000000000001: 0.99978203179670788, 2.3799999999999999: 0.9973533459504228, 2.3900000000000001: 0.98621447934161388, 2.3999999999999999: 0.96656050764925816, 2.4100000000000001: 0.93873563212893174, 2.4199999999999999: 0.90322715159434785, 2.4300000000000002: 0.86065692832224749, 2.4399999999999999: 0.81177049733882789, 2.4500000000000002: 0.75742400981742586, 2.46: 0.69856923924861081, 2.4700000000000002: 0.63623691297052543, 2.48: 0.57151866097552095, 2.4900000000000002: 0.50554789812467504, 2.5: 0.4394799745813156, 2.5099999999999998: 0.37447194209014523, 2.52: 0.3116622904564974, 2.5299999999999998: 0.2521510091020116, 2.54: 0.19698032287995426, 2.5499999999999998: 0.14711643952513076, 2.5600000000000001: 0.10343262839639178, 2.5699999999999998: 0.066693926854854313, 2.5800000000000001: 0.037543742115954126, 2.5899999999999999: 0.016492583217995183, 2.6000000000000001: 0.0039091204448975514, 2.6099999999999999: 1.372878009342493e-05, 2.6200000000000001: 0.0048746284654228589, 2.6299999999999999: 0.018406690255706515, 2.6400000000000001: 0.040372926292630007, 2.6499999999999999: 0.070388640488165066, 2.6600000000000001: 0.10792816573162134, 2.6699999999999999: 0.15233406993115972, 2.6800000000000002: 0.20282866966381952, 2.6899999999999999: 0.25852764979472553, 2.7000000000000002: 0.31845555054427466, 2.71: 0.38156285077724095, 2.7200000000000002: 0.44674434833315591, 2.73: 0.51285851550197137, 2.7400000000000002: 0.57874749067143916, 2.75: 0.64325735603108869, 2.7599999999999998: 0.70525834620823125, 2.77: 0.76366463392072514, 2.7799999999999998: 0.81745334613918752, 2.79: 0.86568247772739326, 2.7999999999999998: 0.90750738883808879, 2.8100000000000001: 0.94219559714434231, 2.8199999999999998: 0.96913960584908387, 2.8300000000000001: 0.98786754281513955, 2.8399999999999999: 0.99805142449195627, 2.8500000000000001: 0.99951289991237768, 2.8599999999999999: 0.99222637416446491, 2.8700000000000001: 0.9763194566368173, 2.8799999999999999: 0.9520707261872422, 2.8900000000000001: 0.91990485237350195, 2.8999999999999999: 0.88038515818836349, 2.9100000000000001: 0.83420375454820739, 2.9199999999999999: 0.7821694193105666, 2.9300000000000002: 0.72519343309608186, 2.9399999999999999: 0.66427361997308276, 2.9500000000000002: 0.60047687250123249, 2.96: 0.53492046717433117, 2.9700000000000002: 0.46875249748603942, 2.98: 0.40313176729556455, 2.9900000000000002: 0.33920749662199168, 3.0: 0.27809919528105886, 3.0099999999999998: 0.22087705683857095, 3.02: 0.16854321624247293, 3.0299999999999998: 0.12201419936979119, 3.04: 0.082104871850689043, 3.0499999999999998: 0.049514168274899961, 3.0600000000000001: 0.024812851705811489, 3.0699999999999998: 0.008433517870672258, 3.0800000000000001: 0.00066301908410792976, 3.0899999999999999: 0.0016374405853092355, 3.1000000000000001: 0.011339717268587179, 3.1099999999999999: 0.029599932545646856, 3.1200000000000001: 0.056098294105610624, 3.1299999999999999: 0.09037073445807442, 3.1400000000000001: 0.1318170381765793, 3.1499999999999999: 0.1797113535095094, 3.1600000000000001: 0.23321490426798175, 3.1699999999999999: 0.29139067936653895, 3.1800000000000002: 0.353219842757867, 3.1899999999999999: 0.41761957637324043, 3.2000000000000002: 0.48346204358420775, 3.21: 0.54959414107713767, 3.2200000000000002: 0.61485769322487271, 3.23: 0.67810973529008334, 3.2400000000000002: 0.73824253023939057, 3.25: 0.79420296861242579, 3.2599999999999998: 0.84501101169476855, 3.27: 0.88977685499824322, 3.2799999999999998: 0.927716511463472, 3.29: 0.95816554147510213, 3.2999999999999998: 0.98059068923500581, 3.3100000000000001: 0.99459922170498338, 3.3199999999999998: 0.99994580656541665, 3.3300000000000001: 0.99653680873578299, 3.3399999999999999: 0.98443193021177022, 3.3500000000000001: 0.96384316450043028, 3.3599999999999999: 0.93513108396441857, 3.3700000000000001: 0.89879852509527969, 3.3799999999999999: 0.85548178230601635, 3.3900000000000001: 0.8059394644665776, 3.3999999999999999: 0.75103920933850876, 3.4100000000000001: 0.6917424885796658, 3.4199999999999999: 0.62908776942997802, 3.4300000000000002: 0.56417232796863315, 3.4399999999999999: 0.49813303244838159, 3.4500000000000002: 0.4321264332495347, 3.46: 0.36730850813966021, 3.4700000000000002: 0.30481441756143601, 3.48: 0.24573862449567896, 3.4900000000000002: 0.19111572706157265, 3.5: 0.14190233953405751, 3.5099999999999998: 0.098960339097213135, 3.52: 0.063041771734349883, 3.5299999999999998: 0.034775681598906316, 3.54: 0.014657094524190839, 3.5499999999999998: 0.0030383486045100216, 3.5600000000000001: 0.00012292367571364871, 3.5699999999999998: 0.005961877759901868, 3.5800000000000001: 0.02045295288303961, 3.5899999999999999: 0.043342365925349458, 3.6000000000000001: 0.074229253141228968, 3.6099999999999999: 0.11257269051150076, 3.6200000000000001: 0.15770116698015202, 3.6299999999999999: 0.20882434467013877, 3.6400000000000001: 0.26504690012086307, 3.6499999999999999: 0.3253842041448618, 3.6600000000000001: 0.38877956570134953, 3.6699999999999999: 0.45412273779357215, 3.6800000000000002: 0.5202693612950624, 3.6899999999999999: 0.58606100618374457, 3.7000000000000002: 0.65034545920055931, 3.71: 0.71199690263349047, 3.7200000000000002: 0.76993563083475036, 3.73: 0.82314695917440206, 3.7400000000000002: 0.87069899427679132, 3.75: 0.91175895432845766, 3.7599999999999998: 0.94560775363899174, 3.77: 0.97165259603442844, 3.7799999999999998: 0.98943735653431875, 3.79: 0.99865056949752007, 3.7999999999999998: 0.99913088333975808, 3.8100000000000001: 0.99086988629418105, 3.8199999999999998: 0.97401225372717026, 3.8300000000000001: 0.94885321442944792, 3.8399999999999999: 0.91583338025550121, 3.8500000000000001: 0.8755310296601625, 3.8599999999999999: 0.82865198027128417, 3.8700000000000001: 0.77601722786073213, 3.8799999999999999: 0.71854856819327595, 3.8900000000000001: 0.65725245355873496, 3.8999999999999999: 0.59320236670906901, 3.9100000000000001: 0.52752002088669581, 3.9199999999999999: 0.46135571518919383, 3.9300000000000002: 0.39586818930805678, 3.9399999999999999: 0.33220433044683773, 3.9500000000000002: 0.27147908781264163, 3.96: 0.21475594643980855, 3.9700000000000002: 0.16302830230887366, 3.98: 0.11720206493963448, 3.9900000000000002: 0.07807979214013927, 4.0: 0.046346634760787708, 4.0099999999999998: 0.022558337603919343, 4.0199999999999996: 0.0071315066297757967, 4.0300000000000002: 0.0003363129098334916, 4.04: 0.0022917611036552543, 4.0499999999999998: 0.012963605322721006, 4.0599999999999996: 0.032164948880853306, 4.0700000000000003: 0.059559517427764552, 4.0800000000000001: 0.094667548143116287, 4.0899999999999999: 0.13687419185330618, 4.0999999999999996: 0.18544028092412046, 4.1100000000000003: 0.23951527435050046, 4.1200000000000001: 0.29815215333521705, 4.1299999999999999: 0.36032400648928675, 4.1399999999999997: 0.42494201419639099, 4.1500000000000004: 0.4908745171800396, 4.1600000000000001: 0.55696683532437707, 4.1699999999999999: 0.62206148966050934, 4.1799999999999997: 0.68501847336922472, 4.1900000000000004: 0.74473521679289645, 4.2000000000000002: 0.80016589680796624, 4.21: 0.85033975239181381, 4.2199999999999998: 0.89437808562223475, 4.2300000000000004: 0.93150965037001521, 4.2400000000000002: 0.96108415918140633, 4.2599999999999998: 0.9956316659055694, 4.2800000000000002: 0.99561107104526902, 4.2999999999999998: 0.96102381100029977, 4.3200000000000003: 0.8942821931372158, 4.3399999999999999: 0.80004114809284332, 4.3600000000000003: 0.68487356909135522, 4.3799999999999999: 0.55681188191186481, 4.4000000000000004: 0.42478781895973072, 4.4199999999999999: 0.29800947070551453, 4.4400000000000004: 0.1853190623794132, 4.46: 0.094576248137095309, 4.4800000000000004: 0.032109935182368599, 4.5: 0.0022768706731913779, 4.5199999999999996: 0.0071577780085492204, 4.54: 0.04641223563711927, 4.5599999999999996: 0.11730241994452584, 4.5800000000000001: 0.21488405625856921, 4.5999999999999996: 0.33235125999008963, 4.6200000000000001: 0.46151121677560225, 4.6399999999999997: 0.59335559479543976, 4.6600000000000001: 0.71868883580293963, 4.6799999999999997: 0.8287695043630916, 4.7000000000000002: 0.91591996404739873, 4.7199999999999998: 0.97406185838524195, 4.7400000000000002: 0.99914004915999965, 4.7599999999999998: 0.98940544424158483, 4.7800000000000002: 0.94553698897359095, 4.7999999999999998: 0.87059431275901111, 4.8200000000000003: 0.769804333534295, 4.8399999999999999: 0.65019670351945191, 4.8600000000000003: 0.52011352227963181, 4.8799999999999999: 0.38862751242895111, 4.9000000000000004: 0.26490923763013308, 4.9199999999999999: 0.15758749661679161, 4.9400000000000004: 0.074147502906886764, 4.96: 0.02040882449252357, 4.9800000000000004: 0.00011949488775120365, 5.0: 0.01469460448147375, 5.0199999999999996: 0.063117604284391504, 5.04: 0.14201120569418857, 5.0599999999999996: 0.24587293133602084, 5.0800000000000001: 0.36745888835619045, 5.0999999999999996: 0.49828899769065371, 5.1200000000000001: 0.62923844181688304, 5.1399999999999997: 0.75117408014201681, 5.1600000000000001: 0.85559144488818673, 5.1799999999999997: 0.93520788984848291, 5.2000000000000002: 0.98447052252934564, 5.2199999999999998: 0.99994349367420499, 5.2400000000000002: 0.98054763244886933, 5.2599999999999998: 0.92763571380150789, 5.2800000000000002: 0.8448981084340953, 5.2999999999999998: 0.73810539587966728, 5.3200000000000003: 0.61470589227701011, 5.3399999999999999: 0.48330616348833499, 5.3600000000000003: 0.35307075545651223, 5.3799999999999999: 0.23308300793651338, 5.4000000000000004: 0.13171153199676144, 5.4199999999999999: 0.056026536663657867, 5.4400000000000004: 0.011306713326524997, 5.46: 0.00067107051992687516, 5.4800000000000004: 0.024861396967719163, 5.5: 0.082190525122843638, 5.5199999999999996: 0.16866000359056488, 5.54: 0.27823897130763076, 5.5599999999999996: 0.40328478324520045, 5.5800000000000001: 0.53507605086594923, 5.5999999999999996: 0.66442092013702214, 5.6200000000000001: 0.78229816241634365, 5.6399999999999997: 0.88048636497765642, 5.6600000000000001: 0.95213733793718791, 5.6799999999999997: 0.9922537450021327, 5.7000000000000002: 0.9980376454233072, 5.7199999999999998: 0.96908563790279634, 5.7400000000000002: 0.90741699603808534, 5.7599999999999998: 0.81733283298074222, 5.7800000000000002: 0.70511611794748097, 5.7999999999999998: 0.57859346709621207, 5.8200000000000003: 0.44658927190193676, 5.8399999999999999: 0.31831023714756845, 5.8600000000000003: 0.2027032542639422, 5.8799999999999999: 0.10783139549422716, 5.9000000000000004: 0.040311550510843452, 5.9199999999999999: 0.0048529278267114284, 5.9400000000000004: 0.0039286084721751324, 5.96: 0.037603059606098665, 5.9800000000000004: 0.10352763821861655, 6.0: 0.19710439852224693, 6.0199999999999996: 0.31180677819533753, 6.04: 0.43963479704034225, 6.0599999999999996: 0.57167301997765629, 6.0800000000000001: 0.69871236894083966, 6.0999999999999996: 0.81189241506249044, 6.1200000000000001: 0.90331935413113784, 6.1399999999999997: 0.96661656428282139, 6.1600000000000001: 0.99736934698019775, 6.1799999999999997: 0.99343283257627479, 6.2000000000000002: 0.95508157542091399, 6.2199999999999998: 0.88499040491755432, 6.2400000000000002: 0.78804786808367633, 6.2599999999999998: 0.67101527516569037, 6.2800000000000002: 0.54205512835821201, 6.2999999999999998: 0.41016182362472997, 6.3200000000000003: 0.28453433163230157, 6.3399999999999999: 0.1739346105118027, 6.3600000000000003: 0.086076498296395076, 6.3799999999999999: 0.027087707069479938, 6.4000000000000004: 0.001082442334348177, 6.4199999999999999: 0.0098744555014411706, 6.4400000000000004: 0.052850542804337541, 6.46: 0.12701331353177781, 6.4800000000000004: 0.22719024468201976, 6.5: 0.34639444140826536, 6.5199999999999996: 0.47631194182069836, 6.54: 0.60788157880513538, 6.5599999999999996: 0.73192695607864455, 6.5800000000000001: 0.83979646096665617, 6.5999999999999996: 0.92396667586019765, 6.6200000000000001: 0.9785671030913955, 6.6399999999999997: 0.99978960600369249, 6.6600000000000001: 0.98615400952553123, 6.6799999999999997: 0.93861133579017497, 6.7000000000000002: 0.86047747457693458, 6.7199999999999998: 0.75720191476516496, 6.7400000000000002: 0.63598766675219176, 6.7599999999999998: 0.50528888455407428, 6.7800000000000002: 0.37422122621039766, 6.7999999999999998: 0.25192607722926597, 6.8200000000000003: 0.14693297965585339, 6.8399999999999999: 0.066564734497963407, 6.8600000000000003: 0.016426668965071611, 6.8799999999999999: 1.5689856755263243e-05, 6.9000000000000004: 0.018476389885589084, 6.9199999999999999: 0.070521217432463423, 6.9400000000000004: 0.15252027753839448, 6.96: 0.2587545009134955, 6.9800000000000004: 0.38181452355221379, 7.0: 0.5131174568778194, 7.0199999999999996: 0.64350550599994372, 7.04: 0.76388468512731089, 7.0599999999999996: 0.86585908257996347, 7.0800000000000001: 0.94231643824088007, 7.0999999999999996: 0.98792419202727666, 7.1200000000000001: 0.99950140620983496, 7.1399999999999997: 0.97624062165416547, 7.1600000000000001: 0.9197641744997167, 7.1799999999999997: 0.83401104543853111, 7.2000000000000002: 0.72496213335275195, 7.2199999999999998: 0.60022311425134256, 7.2400000000000002: 0.46849397923749636, 7.2599999999999998: 0.3389622488714148, 7.2800000000000002: 0.22066218452444863, 7.2999999999999998: 0.12184468887917799, 7.3200000000000003: 0.04940184220965782, 7.3399999999999999: 0.0083862104736551757, 7.3600000000000003: 0.0016584513367923215, 7.3799999999999999: 0.029687796039275738, 7.4000000000000004: 0.090519322606441355, 7.4199999999999999: 0.17991030295094035, 7.4400000000000004: 0.29162611426344376, 7.46: 0.41787507618998088, 7.4800000000000004: 0.54985188583928124, 7.5: 0.67835174844823054, 7.5199999999999996: 0.79441237082651295, 7.54: 0.88993904139633861, 7.5599999999999996: 0.95826920027817042, 7.5800000000000001: 0.99463712317311814, 7.5999999999999996: 0.99650630941036356, 7.6200000000000001: 0.96374639157358444, 7.6399999999999997: 0.8986422280477151, 7.6600000000000001: 0.8057345443213515, 7.6799999999999997: 0.69150323760437526, 7.7000000000000002: 0.56391543285337697, 7.7199999999999998: 0.43186981128462387, 7.7400000000000002: 0.30457596698614275, 7.7599999999999998: 0.19091207874168137, 7.7800000000000002: 0.09880569659616123, 7.7999999999999998: 0.034680830542500818, 7.8200000000000003: 0.0030099044315482493, 7.8399999999999999: 0.006001824324784355, 7.8600000000000003: 0.043447917133061065, 7.8799999999999999: 0.11273648463533514, 7.9000000000000004: 0.2090349577993611, 7.9199999999999999: 0.32562694695159311, 7.9400000000000004: 0.45438068004800358, 7.96: 0.58631615756228406, 7.9800000000000004: 0.71223146746371224, 8.0: 0.82334457760394097, 8.0199999999999996: 0.91190584335187108, 8.0399999999999991: 0.97173851079645124, 8.0600000000000005: 0.9986695178260947, 8.0800000000000001: 0.9908205466277662, 8.0999999999999996: 0.94873902799006038, 8.1199999999999992: 0.8753599604434662, 8.1400000000000006: 0.77580120718279166, 8.1600000000000001: 0.65700654789987101, 8.1799999999999997: 0.52726138107156972, 8.1999999999999993: 0.39561485431201238, 8.2200000000000006: 0.27124872662351407, 8.2400000000000002: 0.16283698159378091, 8.2599999999999998: 0.077940855666986275, 8.2799999999999994: 0.022481475573002951, 8.3000000000000007: 0.00032688610553210928, 8.3200000000000003: 0.013022271222660642, 8.3399999999999999: 0.059682184346668832, 8.3599999999999994: 0.13705230431983506, 8.3800000000000008: 0.23973640981327571, 8.4000000000000004: 0.36057274173452103, 8.4199999999999999: 0.49113350403201816, 8.4399999999999995: 0.62231266493961868, 8.4600000000000009: 0.7449610621419398, 8.4800000000000004: 0.85052451610340896}","{'zTi': array([ 3.86532538,  4.14648022,  3.84197187,  3.78907351,  3.0932099 ,
        2.50968422,  2.20722817])}","{0: 3.2176221511747123, 1: 3.2863167290690107, 2: 3.1205224054812692, 3: 3.3258209519663335, 4: 3.4290041850885977, 5: 1.5465272288870562, 6: 0.45872909963454855}","[0.97999999999999998, 0.72999999999999998, 0.77000000000000002, 2.1499999999999999, 0.040000000000000001, 0.050000000000000003, 0.059999999999999998]","[[[ 3.21762215]]

 [[ 3.28631673]]

 [[ 3.12052241]]

 [[ 3.32582095]]

 [[ 3.42900419]]

 [[ 1.54652723]]

 [[ 0.4587291 ]]]",-2.16128024373,1.0,"[[ 2.20722817+0.j  0.00000000+0.j  0.00000000+0.j  0.00000000+0.j]
 [ 0.00000000+0.j  2.20722817+0.j  0.00000000+0.j  0.00000000+0.j]
 [ 0.00000000+0.j  0.00000000+0.j -2.20722817+0.j  0.00000000+0.j]
 [ 0.00000000+0.j  0.00000000+0.j  0.00000000+0.j -2.20722817+0.j]]",two_qubit_ising_rotation_hyperfine_transverse,one_over_sigma_then_linspace,$\hat{S}_{z}$
xTiPPxTxPPxTzPPyTiPPyTyPPyTzPPzTiPPzTz,xTiPPxTxPPxTzPPyTiPPyTyPPyTzPPzTiPPzTz,"[[ 4.62119272  1.24668845]
 [ 3.72556586  1.48612524]
 [ 3.71182816  1.39598003]
 [ 4.04265041  1.01513409]
 [ 3.6130039   1.61767453]
 [ 4.292919    1.76791664]
 [ 3.36522659  1.62521732]
 [ 3.73238534  1.48710458]]","$\hat{S}_{x,y,z}\hat{A}_{x,y,z}\hat{T}_{xz,yz}$",25,7,7,0.5,0.98,1.0,/panfs/panasas01/phys/bf16951/QMD/ParallelDevelopment/Results/Sep_04/10_08/logs/experimental-run__plur-random-probe__test_3.qmd.8673832.log,config_p25_e7_b7_ra0.98_rt0.5_rp1.0,$P_{25}E_{7}B_{7}RT_{0.5}RA_{0.98}RP_{1.0}H_{350}|\psi>_{40}PN_{0.001}BF^{bin }_{True}BF^{all }_{False}$,109.66894865036011,3,0,0,1,0,2,8,"{'xTi': 4.6211927163334954, 'xTx': 3.725565863927744, 'xTz': 3.7118281552504797, 'yTi': 4.0426504073008784, 'yTy': 3.6130039045350966, 'yTz': 4.2929190039694518, 'zTi': 3.36522659098768, 'zTz': 3.7323853418180173}","{'xTi': 1.2466884513436738, 'xTx': 1.4861252373955507, 'xTz': 1.3959800302385246, 'yTi': 1.0151340875588595, 'yTy': 1.6176745264172274, 'yTz': 1.7679166353085856, 'zTi': 1.6252173173729851, 'zTz': 1.4871045813786212}",[],"{0.0: 0.99999960444084091, 0.01: 0.96803148353942903, 0.02: 0.89490599606633425, 0.029999999999999999: 0.82272490951372346, 0.040000000000000001: 0.78557458380533574, 0.050000000000000003: 0.79107614178721275, 0.059999999999999998: 0.81712145242560474, 0.070000000000000007: 0.8258800128932966, 0.080000000000000002: 0.78668423489196737, 0.089999999999999997: 0.69428670371634804, 0.10000000000000001: 0.57240069542488847, 0.11: 0.46172420943688985, 0.12: 0.40044241934105318, 0.13: 0.40808163307609713, 0.14000000000000001: 0.47970304311727985, 0.14999999999999999: 0.59052160060032732, 0.16: 0.70614150299919043, 0.17000000000000001: 0.79319655246045673, 0.17999999999999999: 0.82784861481148653, 0.19: 0.80191948200554164, 0.20000000000000001: 0.72630510686095517, 0.20999999999999999: 0.62972094090664754, 0.22: 0.55061001804376974, 0.23000000000000001: 0.52295275708693967, 0.23999999999999999: 0.56131956922395676, 0.25: 0.65303517183754001, 0.26000000000000001: 0.7628286188724438, 0.27000000000000002: 0.84853755129333286, 0.28000000000000003: 0.87967588111629302, 0.28999999999999998: 0.84884778541845562, 0.29999999999999999: 0.7706694097470409, 0.31: 0.67084861903265136, 0.32000000000000001: 0.57367204166406183, 0.33000000000000002: 0.49547501180166231, 0.34000000000000002: 0.44566385570856781, 0.34999999999999998: 0.43053878022631342, 0.35999999999999999: 0.45364296954137939, 0.37: 0.51075081946517908, 0.38: 0.5840791890534639, 0.39000000000000001: 0.64313549722263896, 0.40000000000000002: 0.65584337866522358, 0.40999999999999998: 0.60559281582296587, 0.41999999999999998: 0.50375294063615583, 0.42999999999999999: 0.38813186988274584, 0.44: 0.30598825690742193, 0.45000000000000001: 0.29020961810871437, 0.46000000000000002: 0.34223312900463609, 0.46999999999999997: 0.43163909766236319, 0.47999999999999998: 0.51247275595459962, 0.48999999999999999: 0.54676855447955341, 0.5: 0.52244978745704196, 0.51000000000000001: 0.4571762731885215, 0.52000000000000002: 0.38816186976365763, 0.53000000000000003: 0.35484281652709226, 0.54000000000000004: 0.38299577045051147, 0.55000000000000004: 0.47598153931553788, 0.56000000000000005: 0.61447015632475299, 0.56999999999999995: 0.76319417667617429, 0.57999999999999996: 0.88244101166873534, 0.58999999999999997: 0.94160774494619348, 0.59999999999999998: 0.93096263926952394, 0.60999999999999999: 0.86656493590580908, 0.62: 0.78432662895697691, 0.63: 0.72372085666121166, 0.64000000000000001: 0.70791385874995716, 0.65000000000000002: 0.73089482359380264, 0.66000000000000003: 0.75985257283487573, 0.67000000000000004: 0.75282042107046054, 0.68000000000000005: 0.68222589895667629, 0.68999999999999995: 0.55077344344159795, 0.69999999999999996: 0.3903847336402303, 0.70999999999999996: 0.2452876909543642, 0.71999999999999997: 0.14996766027287833, 0.72999999999999998: 0.11512182720771258, 0.73999999999999999: 0.12855277789184194, 0.75: 0.16772308960904958, 0.76000000000000001: 0.21374741205015768, 0.77000000000000002: 0.25751499303483749, 0.78000000000000003: 0.29606364131585061, 0.79000000000000004: 0.32521235579878072, 0.80000000000000004: 0.33677120966767182, 0.81000000000000005: 0.32392497432263512, 0.81999999999999995: 0.29068038094676485, 0.82999999999999996: 0.25683652392555323, 0.83999999999999997: 0.25237374781980004, 0.84999999999999998: 0.30268938346309548, 0.85999999999999999: 0.41309427821924982, 0.87: 0.56226957266403965, 0.88: 0.70911740474342122, 0.89000000000000001: 0.80946818864343617, 0.90000000000000002: 0.83386262923021026, 0.91000000000000003: 0.77810341770209224, 0.92000000000000004: 0.66320701626664025, 0.93000000000000005: 0.52681089841696738, 0.93999999999999995: 0.41068809491274583, 0.94999999999999996: 0.34843363714764797, 0.95999999999999996: 0.35575020771379462, 0.96999999999999997: 0.42517267138388459, 0.97999999999999998: 0.52747007731058904, 0.98999999999999999: 0.62135348001428792, 1.0: 0.66991900509992353, 1.01: 0.65753516914782995, 1.02: 0.59820491264240461, 1.03: 0.5290948317105757, 1.04: 0.49075762510539911, 1.05: 0.50414346392391329, 1.0600000000000001: 0.55780313363683254, 1.0700000000000001: 0.61360860666085759, 1.0800000000000001: 0.62838337337610906, 1.0900000000000001: 0.57895141335644507, 1.1000000000000001: 0.47589283318444087, 1.1100000000000001: 0.35832628932949229, 1.1200000000000001: 0.27365099537612392, 1.1299999999999999: 0.25469781003043424, 1.1399999999999999: 0.30687507314960183, 1.1499999999999999: 0.41032266500423287, 1.1599999999999999: 0.53260571215316355, 1.1699999999999999: 0.64255551225519891, 1.1799999999999999: 0.71800425374672883, 1.1899999999999999: 0.74653078900435366, 1.2: 0.72346525959332464, 1.21: 0.65161082229591205, 1.22: 0.5431856565703127, 1.23: 0.42048426062085353, 1.24: 0.31150136771429171, 1.25: 0.24056316643670805, 1.26: 0.21857637102479333, 1.27: 0.23883884203916028, 1.28: 0.28115044904794462, 1.29: 0.32166812570678105, 1.3: 0.34267322515162224, 1.3100000000000001: 0.33750277635147263, 1.3200000000000001: 0.31004650506810372, 1.3300000000000001: 0.27174136911115787, 1.3400000000000001: 0.23906750209119221, 1.3500000000000001: 0.2316290431196375, 1.3600000000000001: 0.26828956411164606, 1.3700000000000001: 0.35962935672608543, 1.3799999999999999: 0.49911565711391082, 1.3899999999999999: 0.65925858523747649, 1.3999999999999999: 0.79847882973751405, 1.4099999999999999: 0.8784069670937803, 1.4199999999999999: 0.88347928316401647, 1.4299999999999999: 0.83093991916598764, 1.4399999999999999: 0.76344736909791422, 1.45: 0.72667691424531911, 1.46: 0.74411270673952101, 1.47: 0.80381846163451809, 1.48: 0.86518650802535035, 1.49: 0.88170015018723313, 1.5: 0.82635744373141917, 1.51: 0.7055114056653341, 1.52: 0.55457275176557963, 1.53: 0.41980694078077763, 1.54: 0.33738392083045199, 1.55: 0.32029084278569353, 1.5600000000000001: 0.35741089443828655, 1.5700000000000001: 0.42207065922842313, 1.5800000000000001: 0.48400898187030006, 1.5900000000000001: 0.51976352082208532, 1.6000000000000001: 0.51937078623796984, 1.6100000000000001: 0.4890426185514537, 1.6200000000000001: 0.44935028913217612, 1.6299999999999999: 0.42813060650015011, 1.6399999999999999: 0.4488520647464902, 1.6499999999999999: 0.51843138238325293, 1.6599999999999999: 0.62085870602409154, 1.6699999999999999: 0.72156149101449041, 1.6799999999999999: 0.78190013010278625, 1.6899999999999999: 0.77677789826309995, 1.7: 0.70573270749060524, 1.71: 0.59148356839510641, 1.72: 0.46765969329460644, 1.73: 0.36398164979952041, 1.74: 0.29778975782781714, 1.75: 0.27516518531586831, 1.76: 0.2973762754318231, 1.77: 0.36486802548910258, 1.78: 0.4742254117451371, 1.79: 0.61083855699480438, 1.8: 0.74532683045317405, 1.8100000000000001: 0.84041853673629419, 1.8200000000000001: 0.86739525228317627, 1.8300000000000001: 0.82293624155659162, 1.8400000000000001: 0.73476026192863686, 1.8500000000000001: 0.6503513584858307, 1.8600000000000001: 0.61365643752468424, 1.8700000000000001: 0.64272151133361333, 1.8799999999999999: 0.72115195733774795, 1.8899999999999999: 0.80803748461991676, 1.8999999999999999: 0.86010979827489775, 1.9099999999999999: 0.85342608557736999, 1.9199999999999999: 0.79342692938077297, 1.9299999999999999: 0.7098953593877817, 1.9399999999999999: 0.64161813385011524, 1.95: 0.61949000768182128, 1.96: 0.65525960343665135, 1.97: 0.73868597357711208, 1.98: 0.8421310523290062, 1.99: 0.93019588587726953, 2.0: 0.97194554217887119, 2.0099999999999998: 0.95276326729978844, 2.02: 0.88163342956464574, 2.0299999999999998: 0.78943506852284484, 2.04: 0.71664090593078111, 2.0499999999999998: 0.6944081680447125, 2.0600000000000001: 0.72816654278551052, 2.0699999999999998: 0.79328550884327331, 2.0800000000000001: 0.84660841370292406, 2.0899999999999999: 0.84844526822982302, 2.1000000000000001: 0.78292832417530878, 2.1099999999999999: 0.66527392376268502, 2.1200000000000001: 0.5324564021054714, 2.1299999999999999: 0.42390710454709146, 2.1400000000000001: 0.36429787598993069, 2.1499999999999999: 0.35772899606285602, 2.1600000000000001: 0.39404491700460265, 2.1699999999999999: 0.45995887265341295, 2.1800000000000002: 0.54586494718488732, 2.1899999999999999: 0.6444173361855956, 2.2000000000000002: 0.74461132233602156, 2.21: 0.82900769445222944, 2.2200000000000002: 0.87888961602758497, 2.23: 0.88496880734438654, 2.2400000000000002: 0.85564130924605486, 2.25: 0.81538359565951635, 2.2599999999999998: 0.79247235823950335, 2.27: 0.80293419617238604, 2.2799999999999998: 0.84073090519716831, 2.29: 0.88039755126873087, 2.2999999999999998: 0.8904837652490516, 2.3100000000000001: 0.84978294846025171, 2.3199999999999998: 0.75756842170273619, 2.3300000000000001: 0.63366748161219455, 2.3399999999999999: 0.51029128753422737, 2.3500000000000001: 0.42087084417257659, 2.3599999999999999: 0.39037966958449166, 2.3700000000000001: 0.42881380482120457, 2.3799999999999999: 0.52778486647460698, 2.3900000000000001: 0.66078308726154011, 2.3999999999999999: 0.78890591850488634, 2.4100000000000001: 0.87298517982499146, 2.4199999999999999: 0.88925596529504136, 2.4300000000000002: 0.84143509130179228, 2.4399999999999999: 0.76134532742694905, 2.4500000000000002: 0.69515401608748983, 2.46: 0.68072021421430828, 2.4700000000000002: 0.72796498079377048, 2.48: 0.81365455066970716, 2.4900000000000002: 0.89404385576310019, 2.5: 0.92826295651427093, 2.5099999999999998: 0.89904520857199821, 2.52: 0.81952118261998319, 2.5299999999999998: 0.72372554646955245, 2.54: 0.64804517355472757, 2.5499999999999998: 0.61487398407052529, 2.5600000000000001: 0.62631697514682416, 2.5699999999999998: 0.66827399751725824, 2.5800000000000001: 0.71936148379949383, 2.5899999999999999: 0.75854969164586106, 2.6000000000000001: 0.76921728550290258, 2.6099999999999999: 0.7414034009610535, 2.6200000000000001: 0.67470426905521919, 2.6299999999999999: 0.58138671710809076, 2.6400000000000001: 0.48616090615753083, 2.6499999999999999: 0.41930492468010994, 2.6600000000000001: 0.40409353928702196, 2.6699999999999999: 0.44460371472514471, 2.6800000000000002: 0.52153235287553024, 2.6899999999999999: 0.59971434323287787, 2.7000000000000002: 0.64393068282294963, 2.71: 0.63437440649250476, 2.7200000000000002: 0.57360931810667504, 2.73: 0.48260325629323342, 2.7400000000000002: 0.39012251557624, 2.75: 0.32260969071857093, 2.7599999999999998: 0.29906619895530462, 2.77: 0.33020865546680556, 2.7799999999999998: 0.41795892177487448, 2.79: 0.55279929397833982, 2.7999999999999998: 0.711046616210812, 2.8100000000000001: 0.85716200076964577, 2.8199999999999998: 0.954314136094503, 2.8300000000000001: 0.98024973247601122, 2.8399999999999999: 0.93977690082664778, 2.8500000000000001: 0.86490877630431451, 2.8599999999999999: 0.80022080103842852, 2.8700000000000001: 0.78032246082519285, 2.8799999999999999: 0.81205091126976459, 2.8900000000000001: 0.87178238680009723, 2.8999999999999999: 0.91931180568181148, 2.9100000000000001: 0.9199562170111325, 2.9199999999999999: 0.86226439496185003, 2.9300000000000002: 0.76234211521027428, 2.9399999999999999: 0.65429871853536636, 2.9500000000000002: 0.5737849617125057, 2.96: 0.54363523095947253, 2.9700000000000002: 0.56720024367391564, 2.98: 0.62966154021227416, 2.9900000000000002: 0.70439570314781497, 3.0: 0.76152099812997354, 3.0099999999999998: 0.77723078079696906, 3.02: 0.7427583404061141, 3.0299999999999998: 0.67021968626011319, 3.04: 0.59124613817372784, 3.0499999999999998: 0.54599368251775982, 3.0600000000000001: 0.56522562461453285, 3.0699999999999998: 0.65368947766505259, 3.0800000000000001: 0.78446462970976749, 3.0899999999999999: 0.90907282866991734, 3.1000000000000001: 0.97921177482135091, 3.1099999999999999: 0.96872053400510938, 3.1200000000000001: 0.88394691461143826, 3.1299999999999999: 0.75767877872536482, 3.1400000000000001: 0.63162199855726164, 3.1499999999999999: 0.53845639076061158, 3.1600000000000001: 0.49296567832740401, 3.1699999999999999: 0.49431699737617585, 3.1800000000000002: 0.53403777443121991, 3.1899999999999999: 0.6019974894093113, 3.2000000000000002: 0.68672914078451108, 3.21: 0.77278408737455795, 3.2200000000000002: 0.84098548406321472, 3.23: 0.87479797107268475, 3.2400000000000002: 0.86987746506578256, 3.25: 0.83951797800521644, 3.2599999999999998: 0.810141842207869, 3.27: 0.80755421243191161, 3.2799999999999998: 0.84158468972879419, 3.29: 0.89869817746061964, 3.2999999999999998: 0.94753316387867093, 3.3100000000000001: 0.95434065174039229, 3.3199999999999998: 0.89952077945297881, 3.3300000000000001: 0.78659817009114885, 3.3399999999999999: 0.64030539904411776, 3.3500000000000001: 0.49671276013008248, 3.3599999999999999: 0.39131795339704578, 3.3700000000000001: 0.3496290567222029, 3.3799999999999999: 0.38146808885870287, 3.3900000000000001: 0.47835668681252641, 3.3999999999999999: 0.61413288962218004, 3.4100000000000001: 0.75052053205600455, 3.4199999999999999: 0.84877432225463034, 3.4300000000000002: 0.88481800466645222, 3.4399999999999999: 0.86095345026416792, 3.4500000000000002: 0.80638220137897876, 3.46: 0.76365035192637731, 3.4700000000000002: 0.76653224528363995, 3.48: 0.82124984436208992, 3.4900000000000002: 0.90229329344972287, 3.5: 0.96601401468930004, 3.5099999999999998: 0.97449267546928553, 3.52: 0.91594881861146027, 3.5299999999999998: 0.81032248380240879, 3.54: 0.6979387841494975, 3.5499999999999998: 0.61906662035022841, 3.5600000000000001: 0.59633343115595994, 3.5699999999999998: 0.62835407731510284, 3.5800000000000001: 0.6949904510645224, 3.5899999999999999: 0.76827924225522937, 3.6000000000000001: 0.82212839232360935, 3.6099999999999999: 0.83768030927797543, 3.6200000000000001: 0.80565744617501323, 3.6299999999999999: 0.7282361757782414, 3.6400000000000001: 0.62063860922055136, 3.6499999999999999: 0.50970549983913449, 3.6600000000000001: 0.42672797257247774, 3.6699999999999999: 0.39551031047722052, 3.6800000000000002: 0.42117034648889073, 3.6899999999999999: 0.48648998719366576, 3.7000000000000002: 0.55893894537889, 3.71: 0.60505733520557503, 3.7200000000000002: 0.60434916748302192, 3.73: 0.55558509167644055, 3.7400000000000002: 0.47379632129600979, 3.75: 0.38208044798907104, 3.7599999999999998: 0.30427224161353261, 3.77: 0.26153134912789655, 3.7799999999999998: 0.27104358041596921, 3.79: 0.34286776472547431, 3.7999999999999998: 0.47358746935354712, 3.8100000000000001: 0.64058058276991581, 3.8199999999999998: 0.80351664082080598, 3.8300000000000001: 0.91674032511086134, 3.8399999999999999: 0.94874014415389629, 3.8500000000000001: 0.89829813835951589, 3.8599999999999999: 0.79668663194651246, 3.8700000000000001: 0.6926632074731468, 3.8799999999999999: 0.62760544802734131, 3.8900000000000001: 0.61477365567260189, 3.8999999999999999: 0.63463173739998158, 3.9100000000000001: 0.64853324505289467, 3.9199999999999999: 0.62218253350549768, 3.9300000000000002: 0.54510886585137952, 3.9399999999999999: 0.43582732501264332, 3.9500000000000002: 0.33147782343927057, 3.96: 0.26927751076285911, 3.9700000000000002: 0.27007753419069769, 3.98: 0.33107870793066296, 3.9900000000000002: 0.42876595739326906, 4.0: 0.5286448045466442, 4.0099999999999998: 0.59730777403232738, 4.0199999999999996: 0.61351417686561793, 4.0300000000000002: 0.57596369734680497, 4.04: 0.50535009268522235, 4.0499999999999998: 0.4384109359738928, 4.0599999999999996: 0.41395133226511571, 4.0700000000000003: 0.45522997262149067, 4.0800000000000001: 0.55692896897103517, 4.0899999999999999: 0.68458534965135553, 4.0999999999999996: 0.7885795564462077, 4.1100000000000003: 0.82640651261398546, 4.1200000000000001: 0.78148155792221585, 4.1299999999999999: 0.66833699298455651, 4.1399999999999997: 0.52221444389600757, 4.1500000000000004: 0.38046347786713897, 4.1600000000000001: 0.26740510033591636, 4.1699999999999999: 0.19058765778114428, 4.1799999999999997: 0.14759689182734825, 4.1900000000000004: 0.13535059091611257, 4.2000000000000002: 0.15337395204518323, 4.21: 0.1988927559156457, 4.2199999999999998: 0.25944540339460609, 4.2300000000000004: 0.31169896634202909, 4.2400000000000002: 0.33068857289651055, 4.2599999999999998: 0.24804923366804854, 4.2800000000000002: 0.18496003797177485, 4.2999999999999998: 0.36009830005203614, 4.3200000000000003: 0.61703325253657115, 4.3399999999999999: 0.65171030196154101, 4.3600000000000003: 0.4944434124412771, 4.3799999999999999: 0.44392259122638389, 4.4000000000000004: 0.6406821319096937, 4.4199999999999999: 0.88628807630135198, 4.4400000000000004: 0.89494881666448611, 4.46: 0.689586181997908, 4.4800000000000004: 0.56250618105218209, 4.5: 0.57883901571833452, 4.5199999999999996: 0.49006140813972943, 4.54: 0.25138215268337383, 4.5599999999999996: 0.13994849799058551, 4.5800000000000001: 0.2696020822802363, 4.5999999999999996: 0.46118134586881276, 4.6200000000000001: 0.57048271987738663, 4.6399999999999997: 0.5661599321841172, 4.6600000000000001: 0.45164901715352102, 4.6799999999999997: 0.35904867120254047, 4.7000000000000002: 0.45865112121921614, 4.7199999999999998: 0.66943288241786203, 4.7400000000000002: 0.72966697439557127, 4.7599999999999998: 0.55097570292955855, 4.7800000000000002: 0.31712778082201432, 4.7999999999999998: 0.27756777761884621, 4.8200000000000003: 0.47306814602107816, 4.8399999999999999: 0.65849018040580298, 4.8600000000000003: 0.64388199857231809, 4.8799999999999999: 0.60405135141337729, 4.9000000000000004: 0.73456114365001512, 4.9199999999999999: 0.83645062773456136, 4.9400000000000004: 0.6678198675412006, 4.96: 0.40846396187149203, 4.9800000000000004: 0.37061854075019884, 5.0: 0.54627353606457918, 5.0199999999999996: 0.70526020456345018, 5.04: 0.68987412186016028, 5.0599999999999996: 0.52559104541494572, 5.0800000000000001: 0.39284585839892205, 5.0999999999999996: 0.42689751667636255, 5.1200000000000001: 0.53401357641872282, 5.1399999999999997: 0.55456861178584238, 5.1600000000000001: 0.49348130868009665, 5.1799999999999997: 0.45498634498038326, 5.2000000000000002: 0.53172515005386956, 5.2199999999999998: 0.75865660065398899, 5.2400000000000002: 0.97633995175816424, 5.2599999999999998: 0.9360995439607267, 5.2800000000000002: 0.71604760613377572, 5.2999999999999998: 0.66083962496246773, 5.3200000000000003: 0.80318295823728025, 5.3399999999999999: 0.82617899310771792, 5.3600000000000003: 0.6344305202961884, 5.3799999999999999: 0.48580126738591189, 5.4000000000000004: 0.56049436930708352, 5.4199999999999999: 0.74358868279350432, 5.4400000000000004: 0.82459920080674209, 5.46: 0.77046558824424105, 5.4800000000000004: 0.76518581002445352, 5.5: 0.90580996551385462, 5.5199999999999996: 0.97915979737098724, 5.54: 0.78171466953313307, 5.5599999999999996: 0.4675603810059018, 5.5800000000000001: 0.3038789128138456, 5.5999999999999996: 0.34601256033067862, 5.6200000000000001: 0.52931348860564009, 5.6399999999999997: 0.74780668379957582, 5.6600000000000001: 0.82074287921844213, 5.6799999999999997: 0.72365278005677891, 5.7000000000000002: 0.70222011226906111, 5.7199999999999998: 0.87150626758717253, 5.7400000000000002: 0.99684213851836412, 5.7599999999999998: 0.88876244819126349, 5.7800000000000002: 0.69367980639034554, 5.7999999999999998: 0.6561753586284329, 5.8200000000000003: 0.80659813915330847, 5.8399999999999999: 0.93451174744620491, 5.8600000000000003: 0.84790392208974075, 5.8799999999999999: 0.66352675296099439, 5.9000000000000004: 0.64905258831905577, 5.9199999999999999: 0.76360409803724882, 5.9400000000000004: 0.72178881077920409, 5.96: 0.50447361304575256, 5.9800000000000004: 0.37822188685033364, 6.0: 0.47186920336925475, 6.0199999999999996: 0.68457777692002053, 6.04: 0.863161126258849, 6.0599999999999996: 0.87633494681374891, 6.0800000000000001: 0.72795003648252121, 6.0999999999999996: 0.60923946002839191, 6.1200000000000001: 0.62742388651887615, 6.1399999999999997: 0.6414816541770012, 6.1600000000000001: 0.53242971392903504, 6.1799999999999997: 0.3980176281225577, 6.2000000000000002: 0.39869244626646427, 6.2199999999999998: 0.58996092789025578, 6.2400000000000002: 0.84906824811961967, 6.2599999999999998: 0.92811405606036135, 6.2800000000000002: 0.77449630465772668, 6.2999999999999998: 0.67420089150795293, 6.3200000000000003: 0.80902394610485517, 6.3399999999999999: 0.94795329625286551, 6.3600000000000003: 0.85675835093327635, 6.3799999999999999: 0.6667251907338948, 6.4000000000000004: 0.6121896428857756, 6.4199999999999999: 0.70312981544545738, 6.4400000000000004: 0.77472112875494892, 6.46: 0.70453010505643976, 6.4800000000000004: 0.58315650833852972, 6.5: 0.62581336108983598, 6.5199999999999996: 0.81632429977349819, 6.54: 0.86622411729903148, 6.5599999999999996: 0.66047379736437095, 6.5800000000000001: 0.42066336777806135, 6.5999999999999996: 0.35748472520379204, 6.6200000000000001: 0.48780305428034143, 6.6399999999999997: 0.725903412029132, 6.6600000000000001: 0.89655082018059429, 6.6799999999999997: 0.86404495095532363, 6.7000000000000002: 0.77110528374647958, 6.7199999999999998: 0.84241830628942227, 6.7400000000000002: 0.98572161715312623, 6.7599999999999998: 0.94492232851270686, 6.7800000000000002: 0.72803586186135183, 6.7999999999999998: 0.57839739494404863, 6.8200000000000003: 0.63762854222709398, 6.8399999999999999: 0.79211254395236619, 6.8600000000000003: 0.8127031126371882, 6.8799999999999999: 0.67154510392744582, 6.9000000000000004: 0.62466353507599315, 6.9199999999999999: 0.79309130467361888, 6.9400000000000004: 0.90670638703873019, 6.96: 0.750279783899088, 6.9800000000000004: 0.52461467176518151, 7.0: 0.49380765432545504, 7.0199999999999996: 0.63691543063717582, 7.04: 0.79885367807057572, 7.0599999999999996: 0.86055898278815346, 7.0800000000000001: 0.76831871236508931, 7.0999999999999996: 0.61994542863880153, 7.1200000000000001: 0.57579443004340158, 7.1399999999999997: 0.60043076217725888, 7.1600000000000001: 0.52122339508112869, 7.1799999999999997: 0.31600195208973036, 7.2000000000000002: 0.14572714003238274, 7.2199999999999998: 0.18572777747101388, 7.2400000000000002: 0.46476687398977934, 7.2599999999999998: 0.76363709294338933, 7.2800000000000002: 0.82752568619393729, 7.2999999999999998: 0.74870186343560319, 7.3200000000000003: 0.80438319473872155, 7.3399999999999999: 0.93469094562848154, 7.3600000000000003: 0.85069407322317647, 7.3799999999999999: 0.57722313048627227, 7.4000000000000004: 0.41006032117502378, 7.4199999999999999: 0.44460226509408585, 7.4400000000000004: 0.50074435437373721, 7.46: 0.40959841979282618, 7.4800000000000004: 0.21362392395876295, 7.5: 0.13133648921689678, 7.5199999999999996: 0.27915380015298696, 7.54: 0.46673325537767008, 7.5599999999999996: 0.45420290725424362, 7.5800000000000001: 0.28123409939934796, 7.5999999999999996: 0.14122359055449496, 7.6200000000000001: 0.156589560962479, 7.6399999999999997: 0.37453922300366915, 7.6600000000000001: 0.67778691935353985, 7.6799999999999997: 0.76753540501084494, 7.7000000000000002: 0.56558922122887656, 7.7199999999999998: 0.38968254944588188, 7.7400000000000002: 0.44050620010337715, 7.7599999999999998: 0.50394959008882101, 7.7800000000000002: 0.39931594222841738, 7.7999999999999998: 0.30025934298303525, 7.8200000000000003: 0.41799703855124237, 7.8399999999999999: 0.66743466664004392, 7.8600000000000003: 0.78335092203667667, 7.8799999999999999: 0.67530200633826643, 7.9000000000000004: 0.56957130073900453, 7.9199999999999999: 0.67063940111606768, 7.9400000000000004: 0.79600257541951769, 7.96: 0.65991857618667704, 7.9800000000000004: 0.35578156954013873, 8.0: 0.16641790477173801, 8.0199999999999996: 0.13643080023734555, 8.0399999999999991: 0.17623862827425274, 8.0600000000000005: 0.26299188177255739, 8.0800000000000001: 0.32652057637052589, 8.0999999999999996: 0.30903170199009244, 8.1199999999999992: 0.36430074518117372, 8.1400000000000006: 0.61782070279541934, 8.1600000000000001: 0.85856727125445953, 8.1799999999999997: 0.81337275049532498, 8.1999999999999993: 0.55587310711345672, 8.2200000000000006: 0.40528966928797361, 8.2400000000000002: 0.5296693351507864, 8.2599999999999998: 0.75049994389711394, 8.2799999999999994: 0.76972992399729923, 8.3000000000000007: 0.59607547385211812, 8.3200000000000003: 0.52013268907217935, 8.3399999999999999: 0.59643808795980657, 8.3599999999999994: 0.56495432419163105, 8.3800000000000008: 0.38261310641412194, 8.4000000000000004: 0.32847717070187921, 8.4199999999999999: 0.51662456384075761, 8.4399999999999995: 0.7589524954577459, 8.4600000000000009: 0.87032097088023008, 8.4800000000000004: 0.79216062216783123}","{'xTi': array([ 4.49042312,  4.52877008,  4.49027284,  4.46604403,  4.50553217,
        4.57805816,  4.62119272]), 'xTx': array([ 3.89369475,  3.86172334,  3.83830524,  3.82864083,  3.79912631,
        3.76123051,  3.72556586]), 'xTz': array([ 3.85506801,  3.81848783,  3.66389683,  3.67820129,  3.70278776,
        3.74507935,  3.71182816]), 'yTi': array([ 4.2283675 ,  4.17942413,  3.99243051,  3.93038575,  3.94652834,
        3.98343352,  4.04265041]), 'yTy': array([ 3.87319763,  3.90038252,  3.76061714,  3.82586696,  3.80209089,
        3.71669973,  3.6130039 ]), 'yTz': array([ 4.19071303,  4.29389539,  4.08112032,  4.01091834,  4.08697718,
        4.22850784,  4.292919  ]), 'zTi': array([ 3.84330387,  3.71909116,  3.4338574 ,  3.45378987,  3.44602009,
        3.35022742,  3.36522659]), 'zTz': array([ 3.47705062,  3.64298146,  3.78058524,  3.92410735,  3.87950221,
        3.79679192,  3.73238534])}","{0: 7.844310037786479, 1: 7.7392491533410537, 2: 6.4757410675886344, 3: 6.1702495971741991, 4: 6.4279659074276783, 5: 6.805792907916218, 6: 6.5449241365687412}","[0.13, 0.059999999999999998, 0.089999999999999997, 0.12, 0.040000000000000001, 0.050000000000000003, 0.059999999999999998]","[[[ 1.41089582 -0.52787333 -0.38501195 -0.01104526  0.1330629   0.40989999
    0.05172662  0.08979584]
  [-0.52787333  2.1069275   0.76113053  0.16820117 -0.2412699  -0.14321503
    0.01283828  0.2169019 ]
  [-0.38501195  0.76113053  1.94146296 -0.08501633  0.50992248  0.65853647
    0.24297134 -0.22382979]
  [-0.01104526  0.16820117 -0.08501633  1.05875213 -0.35894179  0.40261817
    0.42057973 -0.65613254]
  [ 0.1330629  -0.2412699   0.50992248 -0.35894179  2.7014581   0.20639639
    0.04397379  0.46435469]
  [ 0.40989999 -0.14321503  0.65853647  0.40261817  0.20639639  2.90768882
    0.26933529  0.29054798]
  [ 0.05172662  0.01283828  0.24297134  0.42057973  0.04397379  0.26933529
    2.24987725 -0.19622536]
  [ 0.08979584  0.2169019  -0.22382979 -0.65613254  0.46435469  0.29054798
   -0.19622536  2.14536015]]

 [[ 1.52584658 -0.54859749 -0.39898212 -0.02030455  0.19793376  0.47352475
    0.01478192  0.0571279 ]
  [-0.54859749  2.22549342  0.75782983  0.18178577 -0.22392869 -0.22142261
    0.0165096   0.24439381]
  [-0.39898212  0.75782983  1.90697254 -0.12356     0.53993609  0.54930105
    0.2322469  -0.08016977]
  [-0.02030455  0.18178577 -0.12356     1.05250285 -0.34244386  0.43840386
    0.39705565 -0.58526919]
  [ 0.19793376 -0.22392869  0.53993609 -0.34244386  2.67972441  0.10941081
    0.09988535  0.48027893]
  [ 0.47352475 -0.22142261  0.54930105  0.43840386  0.10941081  2.94499562
    0.29321492  0.31125671]
  [ 0.01478192  0.0165096   0.2322469   0.39705565  0.09988535  0.29321492
    2.28323486 -0.02886929]
  [ 0.0571279   0.24439381 -0.08016977 -0.58526919  0.48027893  0.31125671
   -0.02886929  1.84421281]]

 [[ 1.69233516 -0.67021367 -0.60443601  0.18783326  0.34140884  0.59099384
    0.05652546 -0.07546422]
  [-0.67021367  2.31936675  0.80529593  0.07848682 -0.10068969 -0.37979392
   -0.19995736  0.2803769 ]
  [-0.60443601  0.80529593  1.87525603 -0.29711389  0.50240003  0.434127
    0.15735581  0.01604855]
  [ 0.18783326  0.07848682 -0.29711389  0.91126428 -0.36028937  0.30316533
    0.36198832 -0.51227998]
  [ 0.34140884 -0.10068969  0.50240003 -0.36028937  2.57957625  0.14281132
    0.26928794  0.54368039]
  [ 0.59099384 -0.37979392  0.434127    0.30316533  0.14281132  2.85028854
    0.35078328  0.14058611]
  [ 0.05652546 -0.19995736  0.15735581  0.36198832  0.26928794  0.35078328
    2.50686417  0.05159901]
  [-0.07546422  0.2803769   0.01604855 -0.51227998  0.54368039  0.14058611
    0.05159901  1.55216437]]

 [[ 1.67265149 -0.77592819 -0.57426947  0.22546764  0.24127345  0.64747548
    0.21182764 -0.1353862 ]
  [-0.77592819  2.20763548  0.7872736   0.02728152 -0.02999568 -0.4023798
   -0.18067822  0.35020302]
  [-0.57426947  0.7872736   1.87344094 -0.36929201  0.48483704  0.53034849
    0.0785753   0.03109535]
  [ 0.22546764  0.02728152 -0.36929201  0.94907535 -0.41578844  0.2871959
    0.43470941 -0.54574094]
  [ 0.24127345 -0.02999568  0.48483704 -0.41578844  2.5283218   0.09346172
    0.15603811  0.59914449]
  [ 0.64747548 -0.4023798   0.53034849  0.2871959   0.09346172  3.05341834
    0.45515951  0.06771514]
  [ 0.21182764 -0.18067822  0.0785753   0.43470941  0.15603811  0.45515951
    2.58820748 -0.03919851]
  [-0.1353862   0.35020302  0.03109535 -0.54574094  0.59914449  0.06771514
   -0.03919851  1.53125179]]

 [[ 1.68105201 -0.74941645 -0.53676526  0.17925235  0.32489468  0.64528329
    0.17904312 -0.09357712]
  [-0.74941645  2.22537428  0.77611367  0.07949728 -0.09789411 -0.35652848
   -0.0989591   0.3261658 ]
  [-0.53676526  0.77611367  1.84934231 -0.33625419  0.48574662  0.49052717
    0.13594764  0.03979186]
  [ 0.17925235  0.07949728 -0.33625419  0.94752317 -0.40558943  0.30790324
    0.42892733 -0.52690236]
  [ 0.32489468 -0.09789411  0.48574662 -0.40558943  2.54712087  0.15536263
    0.20721609  0.56979239]
  [ 0.64528329 -0.35652848  0.49052717  0.30790324  0.15536263  3.04568115
    0.48400661  0.13684399]
  [ 0.17904312 -0.0989591   0.13594764  0.42892733  0.20721609  0.48400661
    2.64063085  0.02123491]
  [-0.09357712  0.3261658   0.03979186 -0.52690236  0.56979239  0.13684399
    0.02123491  1.52303472]]

 [[ 1.71781252 -0.68170824 -0.51186109  0.11958772  0.47609523  0.67922079
    0.08695274 -0.01439475]
  [-0.68170824  2.19831637  0.75373495  0.12988919 -0.16189981 -0.31392946
    0.03972113  0.2820366 ]
  [-0.51186109  0.75373495  1.83946431 -0.30517054  0.50349846  0.4206199
    0.27258391  0.07688704]
  [ 0.11958772  0.12988919 -0.30517054  0.93443747 -0.34574728  0.31898144
    0.45262699 -0.50201582]
  [ 0.47609523 -0.16189981  0.50349846 -0.34574728  2.49858543  0.33890493
    0.21597861  0.5048301 ]
  [ 0.67922079 -0.31392946  0.4206199   0.31898144  0.33890493  3.1282286
    0.57713642  0.30243687]
  [ 0.08695274  0.03972113  0.27258391  0.45262699  0.21597861  0.57713642
    2.80021962  0.07230484]
  [-0.01439475  0.2820366   0.07688704 -0.50201582  0.5048301   0.30243687
    0.07230484  1.53013634]]

 [[ 1.69166683 -0.65793402 -0.52876746  0.09553064  0.52586186  0.60005043
    0.06967542  0.04595065]
  [-0.65793402  2.22629256  0.82701081  0.12270318 -0.17865218 -0.31631891
    0.06054822  0.21596662]
  [-0.52876746  0.82701081  1.93142463 -0.30369937  0.56442412  0.37477257
    0.28087447  0.04842329]
  [ 0.09553064  0.12270318 -0.30369937  0.90014087 -0.29748894  0.29675721
    0.45143169 -0.44769116]
  [ 0.52586186 -0.17865218  0.56442412 -0.29748894  2.45993542  0.40736269
    0.16270716  0.44473872]
  [ 0.60005043 -0.31631891  0.37477257  0.29675721  0.40736269  3.03394276
    0.47135759  0.35422445]
  [ 0.06967542  0.06054822  0.28087447  0.45143169  0.16270716  0.47135759
    2.72570313  0.11335843]
  [ 0.04595065  0.21596662  0.04842329 -0.44769116  0.44473872  0.35422445
    0.11335843  1.46365541]]]",-1.57459056043,1.0,"[[ 7.09761193+0.j          0.00000000+0.j          8.33302087-8.33556941j
   0.11256196+0.j        ]
 [ 0.00000000+0.j         -0.36715875+0.j          7.33856977+0.j
   0.90936456+0.2502686j ]
 [ 8.33302087+8.33556941j  7.33856977+0.j         -7.09761193+0.j
   0.00000000+0.j        ]
 [ 0.11256196+0.j          0.90936456-0.2502686j   0.00000000+0.j
   0.36715875+0.j        ]]",two_qubit_ising_rotation_hyperfine_transverse,one_over_sigma_then_linspace,"$\hat{S}_{x,y,z}\hat{A}_{x,y,z}\hat{T}_{xz,yz}$"
