NumParticles,NumExperiments,NumBayesTimes,ResampleThreshold,ResamplerA,PHGPrefactor,ConfigLatex,Time,QID,RSquaredTrueModel,NameAlphabetical,LearnedParameters,TrackParameterEstimates,ExpectationValues,RSquaredByEpoch,LearnedHamiltonian
10000,2500,2499,0.5,0.8,2.0,$P_{10000}E_{2500}B_{2499}RT_{0.5}RA_{0.8}RP_{2.0}H_{49990000}$,34713.60459494591,114,-0.0320163854966,xTiPPxTxPPyTiPPyTyPPzTiPPzTz,"{'xTi': 0.31620335674366279, 'xTx': -1.6477890676019127, 'yTi': 2.7560955959881253, 'yTy': -2.7232618739899577, 'zTi': 2.07952491052525, 'zTz': -0.24992142908962911}","{'xTi': array([ 0.71141039,  0.71487471,  0.72543882, ...,  0.31506127,
        0.3147365 ,  0.31620336]), 'xTx': array([-0.93670097, -0.96445775, -0.85291899, ..., -1.64903797,
       -1.64927209, -1.64778907]), 'yTi': array([ 6.13526772,  5.42300859,  4.88479576, ...,  2.75518353,
        2.755395  ,  2.7560956 ]), 'yTy': array([-0.69831191, -0.6993571 , -1.10762623, ..., -2.72393837,
       -2.72375292, -2.72326187]), 'zTi': array([ 1.02336127,  1.08883056,  1.08351543, ...,  2.07972189,
        2.07967432,  2.07952491]), 'zTz': array([-0.98756286, -0.9160448 , -0.90592989, ..., -0.24963522,
       -0.2495954 , -0.24992143])}","{0.0: 1.0, 0.01: 0.99410723332725415, 0.02: 0.97649894738396492, 0.029999999999999999: 0.94774334542031369, 0.040000000000000001: 0.90897789464513534, 0.050000000000000003: 0.86180471232321187, 0.059999999999999998: 0.80814498215916908, 0.070000000000000007: 0.75007059652273145, 0.080000000000000002: 0.68963362984936483, 0.089999999999999997: 0.62871388090966795, 0.10000000000000001: 0.56890166118375352, 0.11: 0.51142771026775746, 0.12: 0.45714535026659497, 0.13: 0.40656270996122457, 0.14000000000000001: 0.35991607769292533, 0.14999999999999999: 0.31727011772962177, 0.16: 0.27862753180262967, 0.17000000000000001: 0.24403017336354349, 0.17999999999999999: 0.21363566370980447, 0.19: 0.18775787974247793, 0.20000000000000001: 0.1668656231657808, 0.20999999999999999: 0.15154045439615471, 0.22: 0.14240109720573968, 0.23000000000000001: 0.14000705183811846, 0.23999999999999999: 0.14475733354825948, 0.245: 0.14986991702379737, 0.25: 0.15680110674271186, 0.255: 0.16552024573052149, 0.26000000000000001: 0.17597529409319213, 0.26500000000000001: 0.18809308075863851, 0.27000000000000002: 0.20178025887527973, 0.27500000000000002: 0.21692494244444049, 0.28000000000000003: 0.23339897561920619, 0.28499999999999998: 0.25106076163636737, 0.28999999999999998: 0.26975855647598046, 0.29499999999999998: 0.28933411388677455, 0.29999999999999999: 0.30962655407348549, 0.30499999999999999: 0.330476318664786, 0.31: 0.35172906994551889, 0.315: 0.37323939294374175, 0.32500000000000001: 0.41651546686551832, 0.33500000000000002: 0.45943542553696004, 0.34499999999999997: 0.50143223967806327, 0.35499999999999998: 0.54225932377897146, 0.36499999999999999: 0.58196062991506514, 0.375: 0.62079614267992256, 0.38500000000000001: 0.65913298705223633, 0.39500000000000002: 0.69731754751766239, 0.40500000000000003: 0.73554706092908351, 0.41499999999999998: 0.77375962183142211, 0.42499999999999999: 0.81155932734184788, 0.435: 0.84818867164288025, 0.44500000000000001: 0.88255390502675723, 0.45500000000000002: 0.91330178439040255, 0.46500000000000002: 0.93893898000046006, 0.47499999999999998: 0.95797937601622274, 0.48499999999999999: 0.96910046521502635, 0.495: 0.97128857182936357, 0.505: 0.96395396161743108, 0.51500000000000001: 0.94700084437605003, 0.52500000000000002: 0.92084330035031214, 0.53500000000000003: 0.88636543258383949, 0.54500000000000004: 0.84483154814190842, 0.55500000000000005: 0.79775885259237167, 0.56499999999999995: 0.74677006694557346, 0.57499999999999996: 0.69344585255568125, 0.58499999999999996: 0.63919660944611512, 0.59499999999999997: 0.58517014359376962, 0.60499999999999998: 0.53220631448254307, 0.61499999999999999: 0.48084284008298861, 0.625: 0.43136893831571888, 0.63500000000000001: 0.38391649099420178, 0.64500000000000002: 0.33857292873599842, 0.65500000000000003: 0.29549684374973684, 0.66500000000000004: 0.25501690869672211, 0.67500000000000004: 0.21769708990087067, 0.68500000000000005: 0.18435606447235098, 0.69499999999999995: 0.15603549590110966, 0.70499999999999996: 0.13391944015866575, 0.71499999999999997: 0.11921456122705498, 0.72499999999999998: 0.11300696969991053, 0.73499999999999999: 0.11611546970031428, 0.745: 0.12896221487311488, 0.755: 0.15148002396388127, 0.76500000000000001: 0.18307109639224306, 0.77500000000000002: 0.22262519376550283, 0.78500000000000003: 0.26859741889871724, 0.79500000000000004: 0.31913761863652224, 0.80500000000000005: 0.37225628352564244, 0.81499999999999995: 0.4260066167632186, 0.82499999999999996: 0.47865993533291074, 0.83499999999999996: 0.52885212030573159, 0.84499999999999997: 0.57568240393583814, 0.85499999999999998: 0.61875190661502755, 0.86499999999999999: 0.65813720243757223, 0.875: 0.69430274192492536, 0.88500000000000001: 0.72796404126482739, 0.89500000000000002: 0.75992006737776541, 0.90500000000000003: 0.79087732641260278, 0.91500000000000004: 0.82128925074585202, 0.92500000000000004: 0.85123243351940792, 0.93500000000000005: 0.88033636262618076, 0.94499999999999995: 0.90777622546183401, 0.95499999999999996: 0.93233005169400884, 0.96499999999999997: 0.95249305342971202, 0.97499999999999998: 0.96663463580328257, 0.98499999999999999: 0.97317816319190376, 0.995: 0.97078087322219864, 1.0049999999999999: 0.95849165506756207, 1.0149999999999999: 0.93586765872501199, 1.0249999999999999: 0.90303638945119014, 1.0349999999999999: 0.86069725266012231, 1.0449999999999999: 0.8100644268726106, 1.0549999999999999: 0.75276036862116702, 1.0649999999999999: 0.69067519338945038, 1.075: 0.62581085528997238, 1.085: 0.56013001950219321, 1.095: 0.49542772679419045, 1.105: 0.43323971947513229, 1.115: 0.37479530050753396, 1.125: 0.32101573723075583, 1.135: 0.27255250841786127, 1.145: 0.2298540980205801, 1.155: 0.19324635193007345, 1.165: 0.16301013600799752, 1.175: 0.13944130581796266, 1.1850000000000001: 0.1228815859451966, 1.1950000000000001: 0.11371428588432053, 1.2050000000000001: 0.11232502353031915, 1.2150000000000001: 0.11903382890992731, 1.2250000000000001: 0.13401021191639817, 1.2350000000000001: 0.15718619848981452, 1.2450000000000001: 0.18818343485607292, 1.2549999999999999: 0.22626903712437585, 1.2649999999999999: 0.27035110406003537, 1.2749999999999999: 0.3190192411842544, 1.2849999999999999: 0.37062886360943814, 1.2949999999999999: 0.42342140952348006, 1.3049999999999999: 0.47566688221581932, 1.3149999999999999: 0.52581120103083689, 1.325: 0.57260929084431689, 1.335: 0.61522595085995313, 1.345: 0.65329021556136224, 1.355: 0.68689468689487221, 1.365: 0.7165384087245672, 1.375: 0.74301930837998698, 1.385: 0.76728902093253548, 1.395: 0.79028809775119713, 1.405: 0.8127824551269236, 1.415: 0.83522203221401392, 1.425: 0.85763996674596088, 1.4350000000000001: 0.879605509485054, 1.4450000000000001: 0.9002370646981408, 1.4550000000000001: 0.91827408305428082, 1.4650000000000001: 0.93219907474890795, 1.4750000000000001: 0.94039475153481189, 1.4850000000000001: 0.94131707348784188, 1.4950000000000001: 0.93366331261447111, 1.5049999999999999: 0.91651533644707461, 1.5149999999999999: 0.88944196615123572, 1.5249999999999999: 0.8525499315708327, 1.5349999999999999: 0.80647981638208355, 1.5449999999999999: 0.75235049350160133, 1.5549999999999999: 0.69166191210594996, 1.5649999999999999: 0.6261708542863158, 1.575: 0.55775681580716685, 1.585: 0.4882951933745312, 1.595: 0.41955255617981591, 1.605: 0.35311436680849129, 1.615: 0.29034980349270278, 1.625: 0.23241220698032206, 1.635: 0.180268062342825, 1.645: 0.13474317003612879, 1.655: 0.096572389578625462, 1.665: 0.066439376979728904, 1.675: 0.044995056052165028, 1.6850000000000001: 0.032847790066535487, 1.6950000000000001: 0.030523689018712385, 1.7050000000000001: 0.038401341535019284, 1.7150000000000001: 0.05663057568686769, 1.7250000000000001: 0.085048777399102216, 1.7350000000000001: 0.12311017491974785, 1.7450000000000001: 0.16984297694184536, 1.7549999999999999: 0.22384632868280463, 1.7649999999999999: 0.28333408239686553, 1.7749999999999999: 0.34622603691148901, 1.7849999999999999: 0.41028047502741338, 1.7949999999999999: 0.47325550205105804, 1.8049999999999999: 0.53308180031039243, 1.8149999999999999: 0.58802671721831035, 1.825: 0.63682955788699669, 1.835: 0.67879065196633737, 1.845: 0.71380191811929194, 1.855: 0.74231361833888099, 1.865: 0.76523987299589136, 1.875: 0.78381324883059678, 1.885: 0.79940529100359081, 1.895: 0.81333434925123149, 1.905: 0.82668382300976284, 1.915: 0.84015275898349739, 1.925: 0.85395671570085097, 1.9350000000000001: 0.86779048565655859, 1.9450000000000001: 0.8808564726922502, 1.9550000000000001: 0.89195429560859107, 1.9650000000000001: 0.89961962101398607, 1.9750000000000001: 0.90229431826378648, 1.9850000000000001: 0.89850654556247678, 1.9950000000000001: 0.88703875152878342, 2.0049999999999999: 0.86706384917163482, 2.0150000000000001: 0.83823463025773493, 2.0249999999999999: 0.80071813331612063, 2.0350000000000001: 0.75517420924721013, 2.0449999999999999: 0.70268488576805965, 2.0550000000000002: 0.64464729615874383, 2.0649999999999999: 0.58264707212680877, 2.0750000000000002: 0.51833066796967842, 2.085: 0.45329392034981053, 2.0950000000000002: 0.38900048628988215, 2.105: 0.32673823192233853, 2.1150000000000002: 0.26761502889376676, 2.125: 0.21258876360305257, 2.1349999999999998: 0.16252068611042159, 2.145: 0.11823738326328492, 2.1549999999999998: 0.080585244278923551, 2.165: 0.050462526873230606, 2.1749999999999998: 0.028817862898037894, 2.1850000000000001: 0.016609725185388724, 2.1949999999999998: 0.014728174028598606, 2.2050000000000001: 0.023887094825916, 2.2149999999999999: 0.044501076347298385, 2.2250000000000001: 0.076565128631521318, 2.2349999999999999: 0.11955692265736662, 2.2450000000000001: 0.17237982987091516, 2.2549999999999999: 0.23336083722000833, 2.2650000000000001: 0.30031090586386466, 2.2749999999999999: 0.37064736455401404, 2.2850000000000001: 0.44156954773725021, 2.2949999999999999: 0.51027125484128555, 2.3050000000000002: 0.57416779818538854, 2.3149999999999999: 0.63111227500758937, 2.3250000000000002: 0.67957575059009667, 2.335: 0.71876935974626432, 2.3450000000000002: 0.74869256966640663, 2.355: 0.77010024865884863, 2.3650000000000002: 0.78439070366091856, 2.375: 0.79342627461416992, 2.3849999999999998: 0.79930619618439003, 2.395: 0.80411720911789786, 2.4049999999999998: 0.80969007929556858, 2.415: 0.8173894187305577, 2.4249999999999998: 0.82796010313808444, 2.4350000000000001: 0.84144668144416646, 2.4449999999999998: 0.85719336911554522, 2.4550000000000001: 0.87392264306886069, 2.4649999999999999: 0.88988133055356888, 2.4750000000000001: 0.90303555037001837, 2.4849999999999999: 0.91129083713386139, 2.4950000000000001: 0.9127118273024678, 2.5049999999999999: 0.9057171628555587, 2.5150000000000001: 0.88922950002267331, 2.5249999999999999: 0.86276703889622031, 2.5350000000000001: 0.82647087252088913, 2.5449999999999999: 0.7810705978366298, 2.5550000000000002: 0.72779794464635461, 2.5649999999999999: 0.66826372346734264, 2.5750000000000002: 0.6043165071921448, 2.585: 0.53790184552452758, 2.5950000000000002: 0.47093855996991429, 2.605: 0.40522424570411919, 2.6150000000000002: 0.34237627402621884, 2.625: 0.28380828213096654, 2.6349999999999998: 0.23073633032771368, 2.645: 0.18420447031469678, 2.6549999999999998: 0.14511704093122446, 2.665: 0.11426490844015091, 2.6749999999999998: 0.092335052162347386, 2.6850000000000001: 0.079896966522705504, 2.6949999999999998: 0.077364621318390503, 2.7050000000000001: 0.084938322882527673, 2.7149999999999999: 0.1025358264807561, 2.7250000000000001: 0.12972562756440564, 2.7349999999999999: 0.16567688167420169, 2.7450000000000001: 0.2091395527912232, 2.7549999999999999: 0.25846520874271339, 2.7650000000000001: 0.311673766959774, 2.7749999999999999: 0.36656514356987446, 2.7850000000000001: 0.4208680761383794, 2.7949999999999999: 0.47241235258183167, 2.8050000000000002: 0.5193061967283461, 2.8149999999999999: 0.56009834642555245, 2.8250000000000002: 0.59390482005586753, 2.835: 0.62048354113319915, 2.8450000000000002: 0.64024553850662813, 2.855: 0.65419868478286403, 2.8650000000000002: 0.66382795412270046, 2.875: 0.67092392716405924, 2.8849999999999998: 0.67737772162543353, 2.895: 0.68496482078646515, 2.9049999999999998: 0.69514182857837481, 2.915: 0.70887878115513825, 2.9249999999999998: 0.72654546424934163, 2.9350000000000001: 0.74786376523546927, 2.9449999999999998: 0.77193026421493838, 2.9550000000000001: 0.79730505419833864, 2.9649999999999999: 0.82215523144989888, 2.9750000000000001: 0.84443556505558692, 2.9849999999999999: 0.86208526055266721, 2.9950000000000001: 0.8732188710383525, 3.0049999999999999: 0.87629130125602717, 3.0150000000000001: 0.87022114611506385, 3.0249999999999999: 0.85446264051927112, 3.0350000000000001: 0.82902339178697015, 3.0449999999999999: 0.79443185036156283, 3.0550000000000002: 0.75166422944056899, 3.0649999999999999: 0.70204456830931217, 3.0750000000000002: 0.64713338567726997, 3.085: 0.58861976520824255, 3.0950000000000002: 0.52822898131795792, 3.105: 0.46765344234175843, 3.1150000000000002: 0.40850955572509196, 3.125: 0.35231796669706628, 3.1349999999999998: 0.30050032294236695, 3.145: 0.25438295624335983, 3.1549999999999998: 0.215197076652619, 3.165: 0.18406635571540864, 3.1749999999999998: 0.16197590818402352, 3.1850000000000001: 0.14972114164295125, 3.1949999999999998: 0.14783998458971159, 3.2050000000000001: 0.15653677214449602, 3.2149999999999999: 0.17560973374623923, 3.2250000000000001: 0.20439590915270411, 3.2349999999999999: 0.24174699667129018, 3.2450000000000001: 0.28604701879900907, 3.2549999999999999: 0.33527803510113974, 3.2650000000000001: 0.38713402262516716, 3.2749999999999999: 0.43917630821059983, 3.2850000000000001: 0.48901753294150085, 3.2949999999999999: 0.5345160089512313, 3.3050000000000002: 0.57395930060254163, 3.3149999999999999: 0.60621546834880069, 3.3250000000000002: 0.63083284655232186, 3.335: 0.64807429092730706, 3.3450000000000002: 0.6588789614282653, 3.355: 0.66475303589296342, 3.3650000000000002: 0.66759922445002151, 3.375: 0.66950247396210494, 3.3849999999999998: 0.67249481821907608, 3.395: 0.67832518670222031, 3.4049999999999998: 0.68825972289082205, 3.415: 0.70293477900027868, 3.4249999999999998: 0.72227865500750998, 3.4350000000000001: 0.7455101016831136, 3.4449999999999998: 0.77121263320823519, 3.4550000000000001: 0.79747493829790972, 3.4649999999999999: 0.82208024987043515, 3.4750000000000001: 0.84272236014304358, 3.4849999999999999: 0.85722367215174955, 3.4950000000000001: 0.86373149344089339, 3.5049999999999999: 0.86087251993416858, 3.5150000000000001: 0.84785155731687878, 3.5249999999999999: 0.82448810810520179, 3.5350000000000001: 0.79119245824902618, 3.5449999999999999: 0.74889023776349106, 3.5550000000000002: 0.69891013393687773, 3.5649999999999999: 0.64285278339706586, 3.5750000000000002: 0.58245948993034657, 3.585: 0.5194973336020936, 3.5950000000000002: 0.45567286518625583, 3.605: 0.3925806522633698, 3.6150000000000002: 0.33168640621211698, 3.625: 0.27433829224026562, 3.6349999999999998: 0.22179525063540995, 3.645: 0.17525846529381717, 3.6549999999999998: 0.13589191315357663, 3.665: 0.10482024241490495, 3.6749999999999998: 0.083096699824644515, 3.6850000000000001: 0.071639765109024589, 3.6949999999999998: 0.071143627241503804, 3.7050000000000001: 0.081973627120201287, 3.7149999999999999: 0.10406232053245557, 3.7250000000000001: 0.1368241063404152, 3.7349999999999999: 0.17910595401754981, 3.7450000000000001: 0.22918857645108059, 3.7549999999999999: 0.28484676003907494, 3.7650000000000001: 0.34347018472094748, 3.7749999999999999: 0.40223791826347988, 3.7850000000000001: 0.45833197214224963, 3.7949999999999999: 0.5091689695195275, 3.8050000000000002: 0.55262504052272332, 3.8149999999999999: 0.58722816533117883, 3.8250000000000002: 0.61229457338609194, 3.835: 0.62799128098162738, 3.8450000000000002: 0.63531479375191346, 3.855: 0.63598545649110594, 3.8650000000000002: 0.63226672320783051, 3.875: 0.62672750498574414, 3.8849999999999998: 0.62197259362666013, 3.895: 0.62037007091049678, 3.9049999999999998: 0.62380508526140654, 3.915: 0.63348634011247851, 3.9249999999999998: 0.64982547316644479, 3.9350000000000001: 0.67240099535156062, 3.9449999999999998: 0.70000868079542033, 3.9550000000000001: 0.73079048504934629, 3.9649999999999999: 0.76242543758486836, 3.9750000000000001: 0.79235955433325667, 3.9849999999999999: 0.81804838752029396, 3.9950000000000001: 0.83718571365643257, 4.0049999999999999: 0.84789495833892392, 4.0149999999999997: 0.84886575399163822, 4.0250000000000004: 0.83942567053151296, 4.0350000000000001: 0.81954557968623742, 4.0449999999999999: 0.78978517533178372, 4.0549999999999997: 0.75119182843075305, 4.0650000000000004: 0.70517038988058189, 4.0750000000000002: 0.65334328804247543, 4.085: 0.59741921347465954, 4.0949999999999998: 0.53908514926803419, 4.1050000000000004: 0.47993113899706619, 4.1150000000000002: 0.42141087166835067, 4.125: 0.36483489529503044, 4.1349999999999998: 0.31138799825375707, 4.1449999999999996: 0.26215879265815567, 4.1550000000000002: 0.21816828122553877, 4.165: 0.18038531926752066, 4.1749999999999998: 0.14972015948981876, 4.1849999999999996: 0.12699212442573482, 4.1950000000000003: 0.11287308450411593, 4.2050000000000001: 0.10781390587094275, 4.2149999999999999: 0.11196546891043657, 4.2249999999999996: 0.12510849998504869, 4.2350000000000003: 0.14660682784522427, 4.2450000000000001: 0.17539663657102156, 4.2549999999999999: 0.21002006748103541, 4.2649999999999997: 0.24870568622087563, 4.2750000000000004: 0.28949169648875495, 4.2850000000000001: 0.3303813053011142, 4.2949999999999999: 0.36951428390471375, 4.3049999999999997: 0.40533534297280371, 4.3150000000000004: 0.43673901209513155, 4.3250000000000002: 0.46317250116409048, 4.335: 0.48468236637730056, 4.3449999999999998: 0.50189718694410013, 4.3550000000000004: 0.51594606898451945, 4.3650000000000002: 0.52832063761616277, 4.375: 0.54069521855880009, 4.3849999999999998: 0.55472520643888346, 4.3949999999999996: 0.57184645612871621, 4.4050000000000002: 0.59309853041494798, 4.415: 0.61899178659889698, 4.4249999999999998: 0.64943296141068563, 4.4349999999999996: 0.68371682138850554, 4.4450000000000003: 0.72058351905765117, 4.4550000000000001: 0.75833357018712277, 4.4649999999999999: 0.79498584008184014, 4.4749999999999996: 0.82845941728537897, 4.4850000000000003: 0.85675829527895186, 4.4950000000000001: 0.87813855579858358, 4.5049999999999999: 0.89124105645019436, 4.5149999999999997: 0.89517793541984669, 4.5250000000000004: 0.88956776307963081, 4.5350000000000001: 0.87452095710114608, 4.5449999999999999: 0.85058318916531328, 4.5549999999999997: 0.81864912828257108, 4.5650000000000004: 0.77986140886233601, 4.5750000000000002: 0.73550991966515755, 4.585: 0.68694447024111627, 4.5949999999999998: 0.63551002097721865, 4.6050000000000004: 0.58250863936318531, 4.6150000000000002: 0.52918700270548025, 4.625: 0.47674346967782755, 4.6349999999999998: 0.42634525218681807, 4.6449999999999996: 0.37914458204099355, 4.6550000000000002: 0.33628323362446166, 4.665: 0.29887724954652262, 4.6749999999999998: 0.26797781482039851, 4.6849999999999996: 0.24450926972591502, 4.6950000000000003: 0.2291904152045281, 4.7050000000000001: 0.22244968547596422, 4.7149999999999999: 0.22434767509889242, 4.7249999999999996: 0.2345213615050119, 4.7350000000000003: 0.25216291175008065}","{0.0: -1.5927237206532938, 278.0: 0.36999938534458165, 555.0: 0.30164906443796724, 833.0: 0.025640503909803769, 1111.0: 0.10962630767587778, 1388.0: -0.16211130988066413, 1666.0: -0.096193319175691405, 1944.0: -0.07405011196851774, 2221.0: -0.078227917082442477, 2499.0: -0.032016385496586475}","[[ 1.82960348+0.j         0.00000000+0.j         0.31620336-2.7560956j
   1.07547281+0.j       ]
 [ 0.00000000+0.j         2.32944634+0.j        -4.37105094+0.j
   0.31620336-2.7560956j]
 [ 0.31620336+2.7560956j -4.37105094+0.j        -1.82960348+0.j
   0.00000000+0.j       ]
 [ 1.07547281+0.j         0.31620336+2.7560956j  0.00000000+0.j
  -2.32944634+0.j       ]]"
10000,2500,2499,0.5,0.8,2.0,$P_{10000}E_{2500}B_{2499}RT_{0.5}RA_{0.8}RP_{2.0}H_{49990000}$,34500.2482984066,136,-0.238907481485,xTiPPxTxPPyTiPPyTyPPzTiPPzTz,"{'xTi': 1.5961972753177696, 'xTx': -0.68378601588781762, 'yTi': 2.9091651022185809, 'yTy': -2.385134056923317, 'zTi': 2.779448089157047, 'zTz': -0.51063322785848153}","{'xTi': array([ 0.70905895,  0.7135545 ,  0.69293486, ...,  1.58382694,
        1.58427318,  1.59619728]), 'xTx': array([-0.87878647, -1.03716686, -0.97977739, ..., -0.68448728,
       -0.68459154, -0.68378602]), 'yTi': array([ 6.07943758,  5.42363829,  5.73217401, ...,  2.91422946,
        2.91409414,  2.9091651 ]), 'yTy': array([ 0.52001207,  0.88241653,  0.6732187 , ..., -2.3835002 ,
       -2.38353665, -2.38513406]), 'zTi': array([ 0.97885342,  1.03549788,  1.03822494, ...,  2.78180666,
        2.78164603,  2.77944809]), 'zTz': array([-0.99845301, -0.91996552, -0.89952465, ..., -0.51097841,
       -0.51101661, -0.51063323])}","{0.0: 1.0, 0.01: 0.99077625446622586, 0.02: 0.96393950591739364, 0.029999999999999999: 0.92157266027936269, 0.040000000000000001: 0.86670374726672106, 0.050000000000000003: 0.8030266399770688, 0.059999999999999998: 0.73455983687255522, 0.070000000000000007: 0.66528289987193734, 0.080000000000000002: 0.59879270937718332, 0.089999999999999997: 0.53801878974664996, 0.10000000000000001: 0.48502896841902532, 0.11: 0.44094464385866583, 0.12: 0.40597058055557789, 0.13: 0.37952936973089757, 0.14000000000000001: 0.36047748573856253, 0.14999999999999999: 0.34736999521089706, 0.16: 0.33873573152698688, 0.17000000000000001: 0.3333247755859432, 0.17999999999999999: 0.33029529639597865, 0.19: 0.32931639798933277, 0.20000000000000001: 0.33057619245854253, 0.20999999999999999: 0.33469807691062958, 0.22: 0.34258119922828467, 0.23000000000000001: 0.35519155081973453, 0.23999999999999999: 0.37333660597871376, 0.245: 0.38464174582961508, 0.25: 0.39745809890236405, 0.255: 0.41175779020168179, 0.26000000000000001: 0.42747424431252756, 0.26500000000000001: 0.44450151561247164, 0.27000000000000002: 0.4626950232101561, 0.27500000000000002: 0.48187366619857208, 0.28000000000000003: 0.50182324481471374, 0.28499999999999998: 0.52230106650249408, 0.28999999999999998: 0.5430415739482416, 0.29499999999999998: 0.5637627966369555, 0.29999999999999999: 0.58417339948155245, 0.30499999999999999: 0.6039800826639935, 0.31: 0.6228950764571729, 0.315: 0.64064347401015764, 0.32500000000000001: 0.67164605934227084, 0.33500000000000002: 0.69529124160521749, 0.34499999999999997: 0.71044790149645176, 0.35499999999999998: 0.71663391791021258, 0.36499999999999999: 0.7140197243013896, 0.375: 0.7033552436957593, 0.38500000000000001: 0.68583442507419468, 0.39500000000000002: 0.66292009857306811, 0.40500000000000003: 0.63615674890492824, 0.41499999999999998: 0.60699939780575918, 0.42499999999999999: 0.57668305703229017, 0.435: 0.54614978470160014, 0.44500000000000001: 0.51604042576318732, 0.45500000000000002: 0.4867471921392974, 0.46500000000000002: 0.45851304603088683, 0.47499999999999998: 0.43155597538609602, 0.48499999999999999: 0.40619194136048253, 0.495: 0.38293023585031305, 0.505: 0.36251927528744665, 0.51500000000000001: 0.34592886794033673, 0.52500000000000002: 0.33426554972465483, 0.53500000000000003: 0.32862909266038265, 0.54500000000000004: 0.32992898985081698, 0.55500000000000005: 0.33868792613205634, 0.56499999999999995: 0.35486361190653692, 0.57499999999999996: 0.37772008655695033, 0.58499999999999996: 0.40577454980071836, 0.59499999999999997: 0.43683654346366407, 0.60499999999999998: 0.46814406516874474, 0.61499999999999999: 0.49658765421357287, 0.625: 0.51900053732557438, 0.63500000000000001: 0.53248247102912871, 0.64500000000000002: 0.53471850559131839, 0.65500000000000003: 0.52425258600294122, 0.66500000000000004: 0.50068003866966682, 0.67500000000000004: 0.46473210795808095, 0.68500000000000005: 0.41823875035357538, 0.69499999999999995: 0.36397102243381796, 0.70499999999999996: 0.3053799099904313, 0.71499999999999997: 0.24626161667374924, 0.72499999999999998: 0.19038917249788112, 0.73499999999999999: 0.14115456724386011, 0.745: 0.1012643456044009, 0.755: 0.072524551968939033, 0.76500000000000001: 0.055739112985215611, 0.77500000000000002: 0.050731100347267466, 0.78500000000000003: 0.056479228808584026, 0.79500000000000004: 0.07134828265659654, 0.80500000000000005: 0.093378692515361017, 0.81499999999999995: 0.12059424830498422, 0.82499999999999996: 0.15128421916236923, 0.83499999999999996: 0.18422180636684637, 0.84499999999999997: 0.21878931510183575, 0.85499999999999998: 0.25499443562352986, 0.86499999999999999: 0.29337827586870169, 0.875: 0.33483003927499766, 0.88500000000000001: 0.38033783933090981, 0.89500000000000002: 0.43071387768231395, 0.90500000000000003: 0.4863338376667713, 0.91500000000000004: 0.54693481337550431, 0.92500000000000004: 0.61149795587141231, 0.93500000000000005: 0.67823949626087521, 0.94499999999999995: 0.74471323208005635, 0.95499999999999996: 0.80801356944634861, 0.96499999999999997: 0.86505376579414006, 0.97499999999999998: 0.9128833218942175, 0.98499999999999999: 0.94900278151528483, 0.995: 0.97163430411278962, 1.0049999999999999: 0.97991225657505487, 1.0149999999999999: 0.97396889472392556, 1.0249999999999999: 0.95490444777036987, 1.0349999999999999: 0.92464658294544644, 1.0449999999999999: 0.88571911702895734, 1.0549999999999999: 0.8409518775323277, 1.0649999999999999: 0.79317112560589798, 1.075: 0.74491190524244288, 1.085: 0.69818983081295372, 1.095: 0.65436074945140033, 1.105: 0.61408371861301392, 1.115: 0.57738769434102921, 1.125: 0.54382737683925919, 1.135: 0.51270094127631594, 1.145: 0.48329370322391618, 1.155: 0.45510837176873165, 1.165: 0.42804489661953982, 1.175: 0.40250070192800302, 1.1850000000000001: 0.37937418446777227, 1.1950000000000001: 0.35996901992528185, 1.2050000000000001: 0.34581195814679844, 1.2150000000000001: 0.33841021814291117, 1.2250000000000001: 0.33898435942790461, 1.2350000000000001: 0.3482172072931834, 1.2450000000000001: 0.36605823726625764, 1.2549999999999999: 0.39161600318281264, 1.2649999999999999: 0.42315950671669, 1.2749999999999999: 0.4582345299617463, 1.2849999999999999: 0.49388491746920082, 1.2949999999999999: 0.52695379229804906, 1.3049999999999999: 0.55442803404486574, 1.3149999999999999: 0.57378223309185683, 1.325: 0.58327747173571054, 1.335: 0.58217519363071824, 1.345: 0.57083691431719141, 1.355: 0.55069502667699777, 1.365: 0.52409657456583902, 1.375: 0.4940382528695817, 1.385: 0.46382523307997914, 1.395: 0.43669586095841784, 1.405: 0.41545889156713045, 1.415: 0.4021878127569648, 1.425: 0.39800911997684918, 1.4350000000000001: 0.40300885481554249, 1.4450000000000001: 0.41626612047110656, 1.4550000000000001: 0.43600572923755831, 1.4650000000000001: 0.45984695966072431, 1.4750000000000001: 0.48511338696327577, 1.4850000000000001: 0.50916184521430297, 1.4950000000000001: 0.52968726362137264, 1.5049999999999999: 0.54496472889380043, 1.5149999999999999: 0.55399981884029537, 1.5249999999999999: 0.55657163472327564, 1.5349999999999999: 0.55316814741453113, 1.5449999999999999: 0.5448282649576166, 1.5549999999999999: 0.53291752129923742, 1.5649999999999999: 0.5188726550707945, 1.575: 0.50395360293518832, 1.585: 0.48903919013050334, 1.595: 0.47449549013752546, 1.605: 0.46013457414888015, 1.615: 0.44526784736545932, 1.625: 0.42884430803223927, 1.635: 0.40965188032171729, 1.645: 0.38655110581565655, 1.655: 0.35870618784218222, 1.665: 0.32577916988610767, 1.675: 0.28805870956380419, 1.6850000000000001: 0.24650458906795913, 1.6950000000000001: 0.20270139831585909, 1.7050000000000001: 0.1587273577148407, 1.7150000000000001: 0.11695748143371187, 1.7250000000000001: 0.079827101707953929, 1.7350000000000001: 0.049589002404510474, 1.7450000000000001: 0.028096378676683464, 1.7549999999999999: 0.016639871524599115, 1.7649999999999999: 0.015858489729850378, 1.7749999999999999: 0.02573346677930155, 1.7849999999999999: 0.045659915071551871, 1.7949999999999999: 0.0745857758493218, 1.8049999999999999: 0.11118894177608585, 1.8149999999999999: 0.15406748029400275, 1.825: 0.20191164035413423, 1.835: 0.25363172717745874, 1.845: 0.30842327202014885, 1.855: 0.36576126632779737, 1.865: 0.42532676922455082, 1.875: 0.4868801995358446, 1.885: 0.55010443671489972, 1.895: 0.61444615172218653, 1.905: 0.67898475992753304, 1.915: 0.74235486066423417, 1.925: 0.80274049115730139, 1.9350000000000001: 0.85794905620972428, 1.9450000000000001: 0.90556091381301429, 1.9550000000000001: 0.94313903029572288, 1.9650000000000001: 0.96847356058101952, 1.9750000000000001: 0.97983007214802798, 1.9850000000000001: 0.97616834163555066, 1.9950000000000001: 0.95730151577249134, 2.0049999999999999: 0.92397258205614885, 2.0150000000000001: 0.87783556212566816, 2.0249999999999999: 0.82134116844477822, 2.0350000000000001: 0.75753913046578969, 2.0449999999999999: 0.68982025541024528, 2.0550000000000002: 0.62162902384136398, 2.0649999999999999: 0.55618105768964066, 2.0750000000000002: 0.49621866098703349, 2.085: 0.44383200702105219, 2.0950000000000002: 0.40036425032947509, 2.105: 0.36640721351908478, 2.1150000000000002: 0.34188199506907768, 2.125: 0.32618760628665522, 2.1349999999999998: 0.31839214818075212, 2.145: 0.31743626545366865, 2.1549999999999998: 0.32231828895266346, 2.165: 0.33223457771607334, 2.1749999999999998: 0.34665643621786923, 2.1850000000000001: 0.36533541102556688, 2.1949999999999998: 0.3882402008381729, 2.2050000000000001: 0.41543914832501327, 2.2149999999999999: 0.44695073912621175, 2.2250000000000001: 0.48258947514304873, 2.2349999999999999: 0.52183520233429981, 2.2450000000000001: 0.56375037110578052, 2.2549999999999999: 0.60696234162794216, 2.2650000000000001: 0.64971782469425088, 2.2749999999999999: 0.69000537142971141, 2.2850000000000001: 0.72573116460726639, 2.2949999999999999: 0.75492481871818307, 2.3050000000000002: 0.7759467538194238, 2.3149999999999999: 0.78766775794989619, 2.3250000000000002: 0.7895947652365457, 2.335: 0.78192417731640718, 2.3450000000000002: 0.76551419216970906, 2.355: 0.74177909911405981, 2.3650000000000002: 0.71251966359177832, 2.375: 0.67971290965243736, 2.3849999999999998: 0.64529044120227985, 2.395: 0.61093603862239454, 2.4049999999999998: 0.57793035665158932, 2.415: 0.54706352622117715, 2.4249999999999998: 0.5186263309882525, 2.4350000000000001: 0.49247886042564848, 2.4449999999999998: 0.46818386357869124, 2.4550000000000001: 0.44518217429676143, 2.4649999999999999: 0.42298103421087996, 2.4750000000000001: 0.40132391893385766, 2.4849999999999999: 0.38031296739972775, 2.4950000000000001: 0.3604620270151786, 2.5049999999999999: 0.3426687076178655, 2.5150000000000001: 0.32810621058586609, 2.5249999999999999: 0.31804827512413514, 2.5350000000000001: 0.31365151088954568, 2.5449999999999999: 0.31572702146498455, 2.5550000000000002: 0.32453637228686816, 2.5649999999999999: 0.33964505316781124, 2.5750000000000002: 0.35985978256568674, 2.585: 0.38326515945524342, 2.5950000000000002: 0.4073617455424049, 2.605: 0.42929350772693864, 2.6150000000000002: 0.4461396572111036, 2.625: 0.45523613210373992, 2.6349999999999998: 0.45448672092719677, 2.645: 0.44262393378676967, 2.6549999999999998: 0.41938527379271129, 2.665: 0.38558086058414875, 2.6749999999999998: 0.34304205456929215, 2.6850000000000001: 0.29445597990875017, 2.6949999999999998: 0.2431055672827187, 2.7050000000000001: 0.19254691089536147, 2.7149999999999999: 0.14626367512247329, 2.7250000000000001: 0.10734089082382448, 2.7349999999999999: 0.078197383377952345, 2.7450000000000001: 0.060407701008034165, 2.7549999999999999: 0.054631927386175505, 2.7650000000000001: 0.06065690834206483, 2.7749999999999999: 0.077537274681072299, 2.7850000000000001: 0.10381132075552657, 2.7949999999999999: 0.13775716501740343, 2.8050000000000002: 0.17765001795392765, 2.8149999999999999: 0.2219824463817528, 2.8250000000000002: 0.26961607886093986, 2.835: 0.31984429006756532, 2.8450000000000002: 0.37235942704398095, 2.855: 0.4271330670161998, 2.8650000000000002: 0.48423145655977884, 2.875: 0.54359867718725763, 2.8849999999999998: 0.60484567114803933, 2.895: 0.66708318117248977, 2.9049999999999998: 0.72883085475219245, 2.915: 0.78802400553638119, 2.9249999999999998: 0.84212530031513144, 2.9350000000000001: 0.88833295426737013, 2.9449999999999998: 0.92386211004655805, 2.9550000000000001: 0.94626410869003919, 2.9649999999999999: 0.95374110649760935, 2.9750000000000001: 0.94541208427891998, 2.9849999999999999: 0.92149105702450451, 2.9950000000000001: 0.88334868251707499, 3.0049999999999999: 0.83344314815676335, 3.0150000000000001: 0.77512322836834457, 3.0249999999999999: 0.71232343974943912, 3.0350000000000001: 0.6491859326271221, 3.0449999999999999: 0.58965409238886357, 3.0550000000000002: 0.53708730755785661, 3.0649999999999999: 0.49394430849109694, 3.0750000000000002: 0.46157409530848104, 3.085: 0.44013982957248332, 3.0950000000000002: 0.42868396184659219, 3.105: 0.42532459122469823, 3.1150000000000002: 0.4275560609464184, 3.125: 0.43261338069162569, 3.1349999999999998: 0.4378520470190691, 3.145: 0.44109329586658386, 3.1549999999999998: 0.44088997281548647, 3.165: 0.43667934619882709, 3.1749999999999998: 0.42880479878082833, 3.1850000000000001: 0.41840629167115617, 3.1949999999999998: 0.407197358182253, 3.2050000000000001: 0.39716173108427233, 3.2149999999999999: 0.39021345796831142, 3.2250000000000001: 0.38786907146386429, 3.2349999999999999: 0.39097843669972576, 3.2450000000000001: 0.39955259013599487, 3.2549999999999999: 0.41271337092433868, 3.2650000000000001: 0.42877279243420729, 3.2749999999999999: 0.44543221875484706, 3.2850000000000001: 0.46007493900427643, 3.2949999999999999: 0.47011290584298615, 3.3050000000000002: 0.47334094847864738, 3.3149999999999999: 0.46825066675747484, 3.3250000000000002: 0.45426157172409221, 3.335: 0.43183808854162975, 3.3450000000000002: 0.40247624061610621, 3.355: 0.36856109837344242, 3.3650000000000002: 0.33311305114598311, 3.375: 0.29945535868019701, 3.3849999999999998: 0.27084534897929768, 3.395: 0.25011577480760461, 3.4049999999999998: 0.23937074732282926, 3.415: 0.23977271424945501, 3.4249999999999998: 0.25144431758553432, 3.4350000000000001: 0.27349344888421201, 3.4449999999999998: 0.30415358017472982, 3.4550000000000001: 0.3410167081185429, 3.4649999999999999: 0.38132498343285381, 3.4750000000000001: 0.42228076549924642, 3.4849999999999999: 0.46133419098994377, 3.4950000000000001: 0.4964123196208482, 3.5049999999999999: 0.52606368207833754, 3.5150000000000001: 0.54950511540213243, 3.5249999999999999: 0.56657220850701584, 3.5350000000000001: 0.57758841962375795, 3.5449999999999999: 0.58317903365521206, 3.5550000000000002: 0.58406307828486037, 3.5649999999999999: 0.5808582119173622, 3.5750000000000002: 0.57393027256089169, 3.585: 0.56331122440218517, 3.5950000000000002: 0.54869790420015985, 3.605: 0.52953096778236663, 3.6150000000000002: 0.50514069988191634, 3.625: 0.47493574727435595, 3.6349999999999998: 0.43860390373184743, 3.645: 0.39629180520927099, 3.6549999999999998: 0.34873308895754607, 3.665: 0.29730181216811469, 3.6749999999999998: 0.24397863936049702, 3.6850000000000001: 0.19122992208089373, 3.6949999999999998: 0.14181247257181351, 3.7050000000000001: 0.098527738116820585, 3.7149999999999999: 0.063956642415112008, 3.7250000000000001: 0.040209491010275489, 3.7349999999999999: 0.028723597268632051, 3.7450000000000001: 0.030134932403391934, 3.7549999999999999: 0.044240055925009569, 3.7650000000000001: 0.070052284053880198, 3.7749999999999999: 0.10594325970240259, 3.7850000000000001: 0.14984961609365399, 3.7949999999999999: 0.19951589477588738, 3.8050000000000002: 0.25274047576570402, 3.8149999999999999: 0.30759159397800651, 3.8250000000000002: 0.36256546576833826, 3.835: 0.41666738575579421, 3.8450000000000002: 0.46940808166272485, 3.855: 0.52071997865438635, 3.8650000000000002: 0.57080954941195694, 3.875: 0.61997097157752035, 3.8849999999999998: 0.66839160854521285, 3.895: 0.71598064898118574, 3.9049999999999998: 0.76224850830281654, 3.915: 0.8062568880013824, 3.9249999999999998: 0.84664884754869463, 3.9350000000000001: 0.88175640671340028, 3.9449999999999998: 0.90977177403296594, 3.9550000000000001: 0.92895892606502284, 3.9649999999999999: 0.93787626915084743, 3.9750000000000001: 0.93557933118525571, 3.9849999999999999: 0.92177507396453395, 3.9950000000000001: 0.89690606820469054, 4.0049999999999999: 0.8621524432754879, 4.0149999999999997: 0.81935079921798415, 4.0250000000000004: 0.77084052210465626, 4.0350000000000001: 0.71925757028903958, 4.0449999999999999: 0.66730244822576301, 4.0549999999999997: 0.61751185358931437, 4.0650000000000004: 0.57206204349895073, 4.0750000000000002: 0.53262660331970024, 4.085: 0.50030287018418074, 4.0949999999999998: 0.47561105237572299, 4.1050000000000004: 0.45855962643789294, 4.1150000000000002: 0.44876143202247787, 4.125: 0.44557835177912375, 4.1349999999999998: 0.44826948259731825, 4.1449999999999996: 0.45611865511591021, 4.1550000000000002: 0.46852182532849695, 4.165: 0.48502247093228179, 4.1749999999999998: 0.50529246131419092, 4.1849999999999996: 0.52906546343582517, 4.1950000000000003: 0.55603829235845936, 4.2050000000000001: 0.58576140407814559, 4.2149999999999999: 0.61754204071824259, 4.2249999999999996: 0.65038198669473613, 4.2350000000000003: 0.68296668462979981, 4.2450000000000001: 0.71371436201977279, 4.2549999999999999: 0.74088405717150529, 4.2649999999999997: 0.76273150075912888, 4.2750000000000004: 0.77769325145753954, 4.2850000000000001: 0.7845736610402958, 4.2949999999999999: 0.78270712609374382, 4.3049999999999997: 0.77207009834263185, 4.3150000000000004: 0.75332328765335177, 4.3250000000000002: 0.72777361910622829, 4.335: 0.69725652658826798, 4.3449999999999998: 0.66395049949978224, 4.3550000000000004: 0.63014578513745501, 4.3650000000000002: 0.5979962888845205, 4.375: 0.56928689546817079, 4.3849999999999998: 0.5452471011600164, 4.3949999999999996: 0.52643608968091427, 4.4050000000000002: 0.51271493914157618, 4.415: 0.50330979744717619, 4.4249999999999998: 0.496957264122731, 4.4349999999999996: 0.49211165965015757, 4.4450000000000003: 0.48718502156237287, 4.4550000000000001: 0.48078584904344768, 4.4649999999999999: 0.47192257660091108, 4.4749999999999996: 0.4601425705527985, 4.4850000000000003: 0.44558649266628714, 4.4950000000000001: 0.42894992997750725, 4.5049999999999999: 0.41135756711297733, 4.5149999999999997: 0.39416798230629357, 4.5250000000000004: 0.37873754048344765, 4.5350000000000001: 0.36617831451128546, 4.5449999999999999: 0.35714650717823593, 4.5549999999999997: 0.35169417690985461, 4.5650000000000004: 0.34920863254186141, 4.5750000000000002: 0.34845178350412342, 4.585: 0.34769767041333477, 4.5949999999999998: 0.34495231913112145, 4.6050000000000004: 0.33822794882213758, 4.6150000000000002: 0.3258351580708222, 4.625: 0.30665324744138001, 4.6349999999999998: 0.2803408650670538, 4.6449999999999996: 0.24745647036444351, 4.6550000000000002: 0.20946974234391802, 4.665: 0.16865944011194101, 4.6749999999999998: 0.12790838157254369, 4.6849999999999996: 0.090420044744769945, 4.6950000000000003: 0.059391886685070228, 4.7050000000000001: 0.037686331881598978, 4.7149999999999999: 0.027540673312753228, 4.7249999999999996: 0.030351798365680804, 4.7350000000000003: 0.046561429188528791}","{0.0: -1.0629561378115002, 278.0: -0.58622868141903584, 555.0: -0.49630927719952078, 833.0: -0.33857571167968992, 1111.0: -0.34303402102451352, 1388.0: -0.37525681141347356, 1666.0: -0.36148329305445093, 1944.0: -0.36874753418655959, 2221.0: -0.34546309759971683, 2499.0: -0.23890748148536067}","[[ 2.26881486+0.j         0.00000000+0.j         1.59619728-2.9091651j
   1.70134804+0.j       ]
 [ 0.00000000+0.j         3.29008132+0.j        -3.06892007+0.j
   1.59619728-2.9091651j]
 [ 1.59619728+2.9091651j -3.06892007+0.j        -2.26881486+0.j
   0.00000000+0.j       ]
 [ 1.70134804+0.j         1.59619728+2.9091651j  0.00000000+0.j
  -3.29008132+0.j       ]]"
10000,2500,2499,0.5,0.8,2.0,$P_{10000}E_{2500}B_{2499}RT_{0.5}RA_{0.8}RP_{2.0}H_{49990000}$,35967.57740235329,188,0.700353832173,xTiPPxTxPPyTiPPyTyPPzTiPPzTz,"{'xTi': 0.72633815269974922, 'xTx': -1.3094027518667328, 'yTi': 2.7433680520815429, 'yTy': -3.0871638251170967, 'zTi': 1.9643552968820432, 'zTz': -0.28520112777959977}","{'xTi': array([ 0.71524473,  0.69260347,  0.70276541, ...,  0.72825885,
        0.72701397,  0.72633815]), 'xTx': array([-0.92306433, -0.82101605, -0.76172939, ..., -1.31013916,
       -1.31061131, -1.30940275]), 'yTi': array([ 5.43721222,  5.76593172,  5.76253102, ...,  2.74232761,
        2.74268897,  2.74336805]), 'yTy': array([-0.30270992, -0.56971573, -0.66846519, ..., -3.08662357,
       -3.08717844, -3.08716383]), 'zTi': array([ 0.98528998,  0.96808121,  1.0267164 , ...,  1.96358534,
        1.96417193,  1.9643553 ]), 'zTz': array([-0.931353  , -0.99658965, -1.03240313, ..., -0.28545683,
       -0.2850142 , -0.28520113])}","{0.0: 1.0, 0.01: 0.99422020436686642, 0.02: 0.97708347552146646, 0.029999999999999999: 0.94933206586452012, 0.040000000000000001: 0.91223195224498055, 0.050000000000000003: 0.86745397545402458, 0.059999999999999998: 0.81691729243033451, 0.070000000000000007: 0.76261544884874533, 0.080000000000000002: 0.70644728616519137, 0.089999999999999997: 0.65007365324317123, 0.10000000000000001: 0.59481671325168572, 0.11: 0.54161216526345146, 0.12: 0.49101691131236769, 0.13: 0.44326675186418063, 0.14000000000000001: 0.3983717542459978, 0.14999999999999999: 0.35623201417075556, 0.16: 0.316754312097004, 0.17000000000000001: 0.27995093230310641, 0.17999999999999999: 0.24600549006647943, 0.19: 0.21529640640341952, 0.20000000000000001: 0.18837575740006973, 0.20999999999999999: 0.16590849747987291, 0.22: 0.14858338835400331, 0.23000000000000001: 0.13701138874519581, 0.23999999999999999: 0.13162910760806712, 0.245: 0.13132878306598039, 0.25: 0.13262393165581932, 0.255: 0.13549241950220692, 0.26000000000000001: 0.13989378410200703, 0.26500000000000001: 0.14577031009477981, 0.27000000000000002: 0.1530487456476991, 0.27500000000000002: 0.16164259285379989, 0.28000000000000003: 0.17145488143248433, 0.28499999999999998: 0.18238131450534734, 0.28999999999999998: 0.19431365912613408, 0.29499999999999998: 0.20714324322542865, 0.29999999999999999: 0.22076441514517375, 0.30499999999999999: 0.23507782222790796, 0.31: 0.24999337100074404, 0.315: 0.26543274314926002, 0.32500000000000001: 0.2976396957264752, 0.33500000000000002: 0.33136572459419633, 0.34499999999999997: 0.36652087362955488, 0.35499999999999998: 0.40321962904064801, 0.36499999999999999: 0.44170103763739144, 0.375: 0.48221913644211734, 0.38500000000000001: 0.5249204250687004, 0.39500000000000002: 0.56972772830601537, 0.40500000000000003: 0.61624948914326272, 0.41499999999999998: 0.66373030006344946, 0.42499999999999999: 0.71105276703601727, 0.435: 0.75679343314604486, 0.44500000000000001: 0.79932755469473071, 0.45500000000000002: 0.83697020747677331, 0.46500000000000002: 0.8681356099538533, 0.47499999999999998: 0.89149354037936135, 0.48499999999999999: 0.90610177437578776, 0.495: 0.91149660149148071, 0.505: 0.90772925596827359, 0.51500000000000001: 0.89534368153077204, 0.52500000000000002: 0.8752993296219399, 0.53500000000000003: 0.84885044150110445, 0.54500000000000004: 0.81739933533312126, 0.55500000000000005: 0.78234470339723772, 0.56499999999999995: 0.74494629787722599, 0.57499999999999996: 0.70622458570726976, 0.58499999999999996: 0.66690839780205424, 0.59499999999999997: 0.62743611518941744, 0.60499999999999998: 0.58800764668653094, 0.61499999999999999: 0.54867660845425459, 0.625: 0.5094659031948422, 0.63500000000000001: 0.47048626441961394, 0.64500000000000002: 0.43203684437102929, 0.65500000000000003: 0.39466967699521327, 0.66500000000000004: 0.35920544611375482, 0.67500000000000004: 0.32669560659173502, 0.68500000000000005: 0.29833440493402075, 0.69499999999999995: 0.27533244241628385, 0.70499999999999996: 0.25876988422603187, 0.71499999999999997: 0.24945123873859432, 0.72499999999999998: 0.24778419408973495, 0.73499999999999999: 0.25370216588782957, 0.745: 0.26664434712681806, 0.755: 0.2855989812858406, 0.76500000000000001: 0.30920646227971482, 0.77500000000000002: 0.33591002982611795, 0.78500000000000003: 0.36413458015220335, 0.79500000000000004: 0.3924695366290325, 0.80500000000000005: 0.41983053093049738, 0.81499999999999995: 0.44557705524524216, 0.82499999999999996: 0.46956896099147083, 0.83499999999999996: 0.49215291913691428, 0.84499999999999997: 0.51407957063138543, 0.85499999999999998: 0.53636172615778044, 0.86499999999999999: 0.56009225591107881, 0.875: 0.58624606332720219, 0.88500000000000001: 0.61549294023090195, 0.89500000000000002: 0.64804680952666227, 0.90500000000000003: 0.68357205558479817, 0.91500000000000004: 0.72116000066958585, 0.92500000000000004: 0.75937918642183122, 0.93500000000000005: 0.79639328382778407, 0.94499999999999995: 0.8301315566290467, 0.95499999999999996: 0.85849006978212716, 0.96499999999999997: 0.87953817414034985, 0.97499999999999998: 0.89170467133372244, 0.98499999999999999: 0.89392142063054858, 0.995: 0.88570844889528522, 1.0049999999999999: 0.86719291216143379, 1.0149999999999999: 0.83906331335046336, 1.0249999999999999: 0.80246890101383517, 1.0349999999999999: 0.75888096069700806, 1.0449999999999999: 0.709936845107623, 1.0549999999999999: 0.65728856212278663, 1.0649999999999999: 0.60247551763842777, 1.075: 0.54683603229807842, 1.085: 0.4914653544606773, 1.095: 0.43722017919552003, 1.105: 0.38476235304910023, 1.115: 0.33462860857649879, 1.125: 0.28730968969360005, 1.135: 0.24332157769536256, 1.145: 0.20325374040800492, 1.155: 0.16778398990778909, 1.165: 0.1376558575842064, 1.175: 0.11362133851888156, 1.1850000000000001: 0.096358291968743792, 1.1950000000000001: 0.086376671030403029, 1.2050000000000001: 0.083930300391599544, 1.2150000000000001: 0.088950705229294158, 1.2250000000000001: 0.10101653032088675, 1.2350000000000001: 0.11936682260422127, 1.2450000000000001: 0.14295969230051764, 1.2549999999999999: 0.17057066682555222, 1.2649999999999999: 0.20091853458761355, 1.2749999999999999: 0.2328016742928456, 1.2849999999999999: 0.26522555659815161, 1.2949999999999999: 0.29750269130254059, 1.3049999999999999: 0.32930973803237773, 1.3149999999999999: 0.36069232988265476, 1.325: 0.39201553823084301, 1.335: 0.42386575220597278, 1.345: 0.45691689658039603, 1.355: 0.49177929980382373, 1.365: 0.52885233683741428, 1.375: 0.56820177366532454, 1.385: 0.60947954006934046, 1.395: 0.65189790541298454, 1.405: 0.69426255681516558, 1.415: 0.73506096171680912, 1.425: 0.77259481193230051, 1.4350000000000001: 0.80513938668157803, 1.4450000000000001: 0.83110918710584214, 1.4550000000000001: 0.84920866498320002, 1.4650000000000001: 0.85854933612257334, 1.4750000000000001: 0.85871963458931733, 1.4850000000000001: 0.84980074840802033, 1.4950000000000001: 0.83232934128167058, 1.5049999999999999: 0.80721536607050925, 1.5149999999999999: 0.77562904176471492, 1.5249999999999999: 0.73887465430611476, 1.5349999999999999: 0.6982696661650698, 1.5449999999999999: 0.65504561938783401, 1.5549999999999999: 0.61028286278920563, 1.5649999999999999: 0.56488496838915281, 1.575: 0.51959182231759704, 1.585: 0.47502387841073435, 1.595: 0.4317449759211478, 1.605: 0.3903282450029133, 1.615: 0.35140940199671022, 1.625: 0.31571419731230366, 1.635: 0.28405152314060111, 1.645: 0.25726995387701335, 1.655: 0.23618227046530338, 1.665: 0.22146871228771192, 1.675: 0.21357428877241502, 1.6850000000000001: 0.21261768947563919, 1.6950000000000001: 0.21832874117828571, 1.7050000000000001: 0.23002799034261701, 1.7150000000000001: 0.24665629029772274, 1.7250000000000001: 0.26685506644889934, 1.7350000000000001: 0.28909029064069469, 1.7450000000000001: 0.31180627743255318, 1.7549999999999999: 0.33359029362402493, 1.7649999999999999: 0.35332647006024975, 1.7749999999999999: 0.37031806481132157, 1.7849999999999999: 0.38436074162272482, 1.7949999999999999: 0.39575573385524143, 1.8049999999999999: 0.40525970690866009, 1.8149999999999999: 0.41397668758210227, 1.825: 0.42320536889905624, 1.835: 0.43426127256107083, 1.845: 0.44829675546586245, 1.855: 0.46614216209856263, 1.865: 0.48818849390216235, 1.875: 0.51432620572737364, 1.885: 0.54394697719845464, 1.895: 0.57600666430833258, 1.905: 0.6091393616508185, 1.915: 0.64180578884405182, 1.925: 0.67245501278863129, 1.9350000000000001: 0.69967741223889468, 1.9450000000000001: 0.72232890370335712, 1.9550000000000001: 0.73961142102141908, 1.9650000000000001: 0.75110169471417176, 1.9750000000000001: 0.75672842535305018, 1.9850000000000001: 0.75670575974904386, 1.9950000000000001: 0.75143737490349649, 2.0049999999999999: 0.74140948946595464, 2.0150000000000001: 0.72709216047978487, 2.0249999999999999: 0.70886614686742777, 2.0350000000000001: 0.68698777205948791, 2.0449999999999999: 0.6615973662688196, 2.0550000000000002: 0.63276909619132171, 2.0649999999999999: 0.60059252673319885, 2.0750000000000002: 0.56527029716139054, 2.085: 0.52721280286977101, 2.0950000000000002: 0.48711035206249931, 2.105: 0.44596604545384311, 2.1150000000000002: 0.40507824552500804, 2.125: 0.36596915509835604, 2.1349999999999998: 0.33026458026832772, 2.145: 0.29953811598852886, 2.1549999999999998: 0.27513950096044715, 2.165: 0.25803070025505126, 2.1749999999999998: 0.24865372818242615, 2.1850000000000001: 0.24685114417483722, 2.1949999999999998: 0.25185388354550253, 2.2050000000000001: 0.26234244193160161, 2.2149999999999999: 0.27657759925405268, 2.2250000000000001: 0.29258722399922199, 2.2349999999999999: 0.30838761725222685, 2.2450000000000001: 0.32221251248959293, 2.2549999999999999: 0.33272104306019235, 2.2650000000000001: 0.33915803441691428, 2.2749999999999999: 0.34144564265245247, 2.2850000000000001: 0.34019390461033938, 2.2949999999999999: 0.33662804038099614, 2.3050000000000002: 0.33244096339158535, 2.3149999999999999: 0.32958896507303881, 2.3250000000000002: 0.33005566403623043, 2.335: 0.33561309399321049, 2.3450000000000002: 0.34760876917132477, 2.355: 0.36680376276940208, 2.3650000000000002: 0.393279836256893, 2.375: 0.42642447263690286, 2.3849999999999998: 0.46499258923760545, 2.395: 0.50723412818148517, 2.4049999999999998: 0.55106893800251633, 2.415: 0.59428537787687308, 2.4249999999999998: 0.63473748512244155, 2.4350000000000001: 0.67051743851195733, 2.4449999999999998: 0.70008501684895896, 2.4550000000000001: 0.72234295789993708, 2.4649999999999999: 0.7366554343081344, 2.4750000000000001: 0.74281502425355295, 2.4849999999999999: 0.74097037377749819, 2.4950000000000001: 0.73153127297899101, 2.5049999999999999: 0.71506952365319898, 2.5150000000000001: 0.69223263859511552, 2.5249999999999999: 0.66368342127242119, 2.5350000000000001: 0.63007256710118642, 2.5449999999999999: 0.59204462089836873, 2.5550000000000002: 0.55027105289910527, 2.5649999999999999: 0.50549895136648371, 2.5750000000000002: 0.45860072057351853, 2.585: 0.41060971080647857, 2.5950000000000002: 0.36272895540890282, 2.605: 0.31630477679825453, 2.6150000000000002: 0.27276320200217929, 2.625: 0.23351389486804464, 2.6349999999999998: 0.19983256334970934, 2.645: 0.17273750544924016, 2.6549999999999998: 0.15287831930943563, 2.665: 0.14045438297622148, 2.6749999999999998: 0.13517749742976604, 2.6850000000000001: 0.13628750563085945, 2.6949999999999998: 0.14262254483815884, 2.7050000000000001: 0.152737906283263, 2.7149999999999999: 0.16506040761191354, 2.7250000000000001: 0.17805979426437646, 2.7349999999999999: 0.1904158026376237, 2.7450000000000001: 0.20115960268767141, 2.7549999999999999: 0.20977141744820349, 2.7650000000000001: 0.21622177736860615, 2.7749999999999999: 0.22095131309360017, 2.7850000000000001: 0.22479216248262679, 2.7949999999999999: 0.22884180072637861, 2.8050000000000002: 0.23430629660557378, 2.8149999999999999: 0.242333781699273, 2.8250000000000002: 0.25385977719305064, 2.835: 0.26948386966448912, 2.8450000000000002: 0.28939241758054568, 2.855: 0.31333524277151503, 2.8650000000000002: 0.34065662497818394, 2.875: 0.37037349944248255, 2.8849999999999998: 0.40128763230040665, 2.895: 0.4321145789196682, 2.9049999999999998: 0.46161093981331436, 2.915: 0.48868292710777839, 2.9249999999999998: 0.51246322658241805, 2.9350000000000001: 0.53234889956840581, 2.9449999999999998: 0.54799966765605435, 2.9550000000000001: 0.55930230114104318, 2.9649999999999999: 0.56631198254058424, 2.9750000000000001: 0.56918464181970374, 2.9849999999999999: 0.5681148951219861, 2.9950000000000001: 0.5632923021966928, 3.0049999999999999: 0.55488453928689974, 3.0150000000000001: 0.5430504693446625, 3.0249999999999999: 0.52797992916164682, 3.0350000000000001: 0.50995138608675217, 3.0449999999999999: 0.48939441645649784, 3.0550000000000002: 0.46694196784351361, 3.0649999999999999: 0.44345798424081662, 3.0750000000000002: 0.42002917866265588, 3.085: 0.3979150940475602, 3.0950000000000002: 0.37845730660443011, 3.105: 0.36295566279860014, 3.1150000000000002: 0.35252568684080055, 3.125: 0.34795572424054755, 3.1349999999999998: 0.34958422340177742, 3.145: 0.35721640117501052, 3.1549999999999998: 0.3700954342474273, 3.165: 0.38693675854444087, 3.1749999999999998: 0.40602591878902561, 3.1850000000000001: 0.42537182488364211, 3.1949999999999998: 0.44289947077255332, 3.2050000000000001: 0.45666029881710979, 3.2149999999999999: 0.46503533562572508, 3.2250000000000001: 0.46690647938900054, 3.2349999999999999: 0.46177491000961846, 3.2450000000000001: 0.44981206829707421, 3.2549999999999999: 0.43183713759624698, 3.2650000000000001: 0.40922429381523007, 3.2749999999999999: 0.38375187381992615, 3.2850000000000001: 0.35741281328434571, 3.2949999999999999: 0.33221022823384305, 3.3050000000000002: 0.30996324871734737, 3.3149999999999999: 0.29214602030617054, 3.3250000000000002: 0.27977752394037414, 3.335: 0.27337232108108034, 3.3450000000000002: 0.27295362511572407, 3.355: 0.27812150428404814, 3.3650000000000002: 0.28816177768172235, 3.375: 0.30217630163008768, 3.3849999999999998: 0.3192135213465187, 3.395: 0.33837958368293264, 3.4049999999999998: 0.35891468359138679, 3.415: 0.38022592025315016, 3.4249999999999998: 0.40187570834449082, 3.4350000000000001: 0.42353249669486481, 3.4449999999999998: 0.44489697959155206, 3.4550000000000001: 0.46562113631406943, 3.4649999999999999: 0.48523864918225534, 3.4750000000000001: 0.50312333265798437, 3.4849999999999999: 0.51848744661001978, 3.4950000000000001: 0.53042490175544821, 3.5049999999999999: 0.53799646583264404, 3.5150000000000001: 0.54034639042453203, 3.5249999999999999: 0.53683363079233271, 3.5350000000000001: 0.52715705192731543, 3.5449999999999999: 0.51145336873893199, 3.5550000000000002: 0.49034925459545353, 3.5649999999999999: 0.46495476375400824, 3.5750000000000002: 0.43679317743709833, 3.585: 0.40767147153929262, 3.5950000000000002: 0.37950449370017947, 3.605: 0.3541133064185058, 3.6150000000000002: 0.3330228745771755, 3.625: 0.31728558853372835, 3.6349999999999998: 0.307354737712068, 3.645: 0.30302623310613308, 3.6549999999999998: 0.30345836800911052, 3.665: 0.30726934859681343, 3.6749999999999998: 0.31270209881316569, 3.6850000000000001: 0.31783686532949873, 3.6949999999999998: 0.32082567230820613, 3.7050000000000001: 0.32011961271214573, 3.7149999999999999: 0.31466074892396767, 3.7250000000000001: 0.30401492935300189, 3.7349999999999999: 0.2884294858643548, 3.7450000000000001: 0.26880950260863723, 3.7549999999999999: 0.2466168018395043, 3.7650000000000001: 0.22370554764206818, 3.7749999999999999: 0.2021161075286011, 3.7850000000000001: 0.18385351562894869, 3.7949999999999999: 0.17067796948249603, 3.8050000000000002: 0.16393220038241341, 3.8149999999999999: 0.16442473703825145, 3.8250000000000002: 0.17237993040044586, 3.835: 0.18745632836460047, 3.8450000000000002: 0.2088259167138482, 3.855: 0.23529914568253119, 3.8650000000000002: 0.26547556102396563, 3.875: 0.29789788499763503, 3.8849999999999998: 0.33118870294976821, 3.895: 0.36415317580679341, 3.9049999999999998: 0.39583766227687356, 3.915: 0.42554173704292597, 3.9249999999999998: 0.45278863376614442, 3.9350000000000001: 0.47726546926946578, 3.9449999999999998: 0.49874878017290747, 3.9550000000000001: 0.51703234313872759, 3.9649999999999999: 0.53187280980424556, 3.9750000000000001: 0.54296467451629549, 3.9849999999999999: 0.5499502119091908, 3.9950000000000001: 0.5524632603133901, 4.0049999999999999: 0.55019920100485442, 4.0149999999999997: 0.54299826005048968, 4.0250000000000004: 0.53092619358699744, 4.0350000000000001: 0.51433601865213951, 4.0449999999999999: 0.49389680731696795, 4.0549999999999997: 0.47058032366516367, 4.0650000000000004: 0.44560272197149864, 4.0750000000000002: 0.4203256428616684, 4.085: 0.39612773044759331, 4.0949999999999998: 0.37426279234942661, 4.1050000000000004: 0.35572370038047374, 4.1150000000000002: 0.34113119518730917, 4.125: 0.33066395059537979, 4.1349999999999998: 0.32404094627667379, 4.1449999999999996: 0.32056014560881052, 4.1550000000000002: 0.31918970313997164, 4.165: 0.31870057231989135, 4.1749999999999998: 0.31782353299699573, 4.1849999999999996: 0.31541017524227355, 4.1950000000000003: 0.3105767787903877, 4.2050000000000001: 0.30281240755919259, 4.2149999999999999: 0.29203754893502443, 4.2249999999999996: 0.27860653371807342, 4.2350000000000003: 0.2632547644191483, 4.2450000000000001: 0.24699932177963357, 4.2549999999999999: 0.23100772163305028, 4.2649999999999997: 0.21645357336382665, 4.2750000000000004: 0.20437910159791128, 4.2850000000000001: 0.19558280520359006, 4.2949999999999999: 0.19054624528778019, 4.3049999999999997: 0.18940776254663683, 4.3150000000000004: 0.1919837858114759, 4.3250000000000002: 0.19783139750120904, 4.335: 0.20634001897539456, 4.3449999999999998: 0.21683632254150731, 4.3550000000000004: 0.22868529402292492, 4.3650000000000002: 0.2413718835787807, 4.375: 0.25455159721801901, 4.3849999999999998: 0.26806403181757443, 4.3949999999999996: 0.28190981333660048, 4.4050000000000002: 0.29619761472556128, 4.415: 0.31107290671895849, 4.4249999999999998: 0.32664303430991737, 4.4349999999999996: 0.34291364522586609, 4.4450000000000003: 0.35974935702260646, 4.4550000000000001: 0.37686718265434771, 4.4649999999999999: 0.39386534701831732, 4.4749999999999996: 0.41028367626992623, 4.4850000000000003: 0.42568578638766985, 4.4950000000000001: 0.43974883145865717, 4.5049999999999999: 0.45234436691715996, 4.5149999999999997: 0.46359436290655309, 4.5250000000000004: 0.47388957337562831, 4.5350000000000001: 0.48386290585355607, 4.5449999999999999: 0.49431735469979354, 4.5549999999999997: 0.50611541382983571, 4.5650000000000004: 0.52004353415639204, 4.5750000000000002: 0.5366700746003259, 4.585: 0.55621749416825095, 4.5949999999999998: 0.57846879951317698, 4.6050000000000004: 0.60272449912824488, 4.6150000000000002: 0.62781998062858235, 4.625: 0.65220517741634643, 4.6349999999999998: 0.6740797578093698, 4.6449999999999996: 0.69156909823875912, 4.6550000000000002: 0.70292016631944387, 4.665: 0.70669306735749682, 4.6749999999999998: 0.70192394017427207, 4.6849999999999996: 0.68823819397211827, 4.6950000000000003: 0.66589933811329471, 4.7050000000000001: 0.63578701952881167, 4.7149999999999999: 0.59930718420384699, 4.7249999999999996: 0.5582462109875852, 4.7350000000000003: 0.51458816387281536}","{0.0: -1.2155004835245569, 278.0: -0.19129278981403419, 555.0: 0.42307255216258055, 833.0: 0.72938593270009977, 1111.0: 0.6484785503871483, 1388.0: 0.56686250979207098, 1666.0: 0.57620366002903511, 1944.0: 0.61934975497623912, 2221.0: 0.69608944496754277, 2499.0: 0.70035383217282998}","[[ 1.67915417+0.j          0.00000000+0.j          0.72633815-2.74336805j
   1.77776107+0.j        ]
 [ 0.00000000+0.j          2.24955642+0.j         -4.39656658+0.j
   0.72633815-2.74336805j]
 [ 0.72633815+2.74336805j -4.39656658+0.j         -1.67915417+0.j
   0.00000000+0.j        ]
 [ 1.77776107+0.j          0.72633815+2.74336805j  0.00000000+0.j
  -2.24955642+0.j        ]]"
