NameAlphabetical,NameNonAlph,FinalParams,LatexName,NumParticles,NumExperiments,NumBayesTimes,ResampleThreshold,ResamplerA,PHGPrefactor,LogFile,ParamConfiguration,ConfigLatex,Time,QID,CorrectModel,Underfit,Overfit,Misfit,NumQubits,NumParams,LearnedParameters,FinalSigmas,QuadraticLosses,ExpectationValues,TrackParameterEstimates,TrackVolume,TrackCovarianceMatrices,RSquaredByEpoch,LearnedHamiltonian,GrowthGenerator,ChampLatex
yTyTTz,yTyTTz,[[ 0.63690037  0.11318235]],$$,10,3,1,0.5,0.8,1.0,/panfs/panasas01/phys/bf16951/QMD/ParallelDevelopment/Results/Dec_20/14_01/logs/test_multiple_growth_rules_including_grouped_hubbard_231.qmd.7894537.log,config_p10_e3_b1_ra0.8_rt0.5_rp1.0,$P_{10}E_{3}B_{1}RT_{0.5}RA_{0.8}RP_{1.0}H_{40}$,66.12884593009949,231,0,1,0,0,3,1,{'yTyTTz': 0.63690037245877273},{'yTyTTz': 0.11318235452880566},"[0.40018468154930859, 0.43113752670487743, 0.48173255611380544]","{0.0: 0.99999999999999978, 0.01: 0.99995984162289142, 0.02: 0.99983937300745052, 0.029999999999999999: 0.99963861370026785, 0.040000000000000001: 0.99935759627547327, 0.050000000000000003: 0.99899636632944777, 0.059999999999999998: 0.99855498247342567, 0.070000000000000007: 0.99803351632398607, 0.080000000000000002: 0.99743205249143052, 0.089999999999999997: 0.99675068856605753, 0.10000000000000001: 0.99598953510232446, 0.11: 0.99514871560091323, 0.12: 0.99422836648868895, 0.13: 0.9932286370965655, 0.14000000000000001: 0.99214968963527439, 0.14999999999999999: 0.99099169916904861, 0.16: 0.98975485358721393, 0.17000000000000001: 0.98843935357370405, 0.17999999999999999: 0.98704541257450018, 0.19: 0.9855732567629979, 0.20000000000000001: 0.98402312500330735, 0.20999999999999999: 0.98239526881149919, 0.22: 0.98068995231479383, 0.23000000000000001: 0.97890745220870423, 0.23999999999999999: 0.97704805771214498, 0.25: 0.97511207052049842, 0.26000000000000001: 0.97309980475667035, 0.27000000000000002: 0.97101158692011758, 0.28000000000000003: 0.96884775583387217, 0.28999999999999998: 0.96660866258956823, 0.29999999999999999: 0.96429467049047413, 0.31: 0.96190615499254406, 0.32000000000000001: 0.95944350364349962, 0.33000000000000002: 0.95690711601994904, 0.34000000000000002: 0.95429740366255311, 0.34999999999999998: 0.95161479000924931, 0.35999999999999999: 0.94885971032655025, 0.37: 0.94603261163891827, 0.38: 0.94313395265623168, 0.39000000000000001: 0.94016420369936093, 0.40000000000000002: 0.9371238466238524, 0.40999999999999998: 0.93401337474174873, 0.41999999999999998: 0.93083329274154536, 0.42999999999999999: 0.92758411660630102, 0.44: 0.92426637352992047, 0.45000000000000001: 0.92088060183161047, 0.46000000000000002: 0.91742735086853944, 0.46999999999999997: 0.91390718094669809, 0.47999999999999998: 0.91032066322998972, 0.48999999999999999: 0.90666837964755442, 0.5: 0.90295092279935008, 0.51000000000000001: 0.89916889585999804, 0.52000000000000002: 0.89532291248091733, 0.53000000000000003: 0.89141359669075693, 0.54000000000000004: 0.88744158279414131, 0.55000000000000004: 0.88340751526875472, 0.56000000000000005: 0.87931204866077117, 0.56999999999999995: 0.87515584747865027, 0.57999999999999996: 0.87093958608531774, 0.58999999999999997: 0.86666394858874685, 0.59999999999999998: 0.86232962873096042, 0.60999999999999999: 0.85793732977546577, 0.62: 0.85348776439314833, 0.63: 0.84898165454663566, 0.64000000000000001: 0.84441973137315918, 0.65000000000000002: 0.83980273506592018, 0.66000000000000003: 0.83513141475399133, 0.67000000000000004: 0.83040652838076756, 0.68000000000000005: 0.8256288425809859, 0.68999999999999995: 0.82079913255633474, 0.69999999999999996: 0.81591818194967491, 0.70999999999999996: 0.81098678271788871, 0.71999999999999997: 0.80600573500338335, 0.72999999999999998: 0.80097584700426139, 0.73999999999999999: 0.79589793484318794, 0.75: 0.79077282243497338, 0.76000000000000001: 0.78560134135288373, 0.77000000000000002: 0.78038433069372115, 0.78000000000000003: 0.77512263694167072, 0.79000000000000004: 0.76981711383095663, 0.80000000000000004: 0.76446862220732104, 0.81000000000000005: 0.75907802988834505, 0.81999999999999995: 0.75364621152264566, 0.82999999999999996: 0.74817404844795399, 0.83999999999999997: 0.74266242854811959, 0.84999999999999998: 0.73711224610904436, 0.85999999999999999: 0.73152440167358079, 0.87: 0.72589980189541492, 0.88: 0.72023935939195849, 0.89000000000000001: 0.71454399259627144, 0.90000000000000002: 0.70881462560804176, 0.91000000000000003: 0.70305218804364689, 0.92000000000000004: 0.69725761488531834, 0.93000000000000005: 0.69143184632943666, 0.93999999999999995: 0.68557582763398095, 0.94999999999999996: 0.6796905089651557, 0.95999999999999996: 0.6737768452432219, 0.96999999999999997: 0.66783579598755738, 0.97999999999999998: 0.66186832516096794, 0.98999999999999999: 0.65587540101328456, 1.0: 0.64985799592425653, 1.01: 0.64381708624577905, 1.02: 0.63775365214347635, 1.03: 0.63166867743766453, 1.04: 0.62556314944372404, 1.05: 0.61943805881189973, 1.0600000000000001: 0.61329439936656605, 1.0700000000000001: 0.60713316794497374, 1.0800000000000001: 0.60095536423550877, 1.0900000000000001: 0.59476199061548651, 1.1000000000000001: 0.58855405198851318, 1.1100000000000001: 0.5823325556214346, 1.1200000000000001: 0.5760985109809037, 1.1299999999999999: 0.56985292956958866, 1.1399999999999999: 0.56359682476205086, 1.1499999999999999: 0.55733121164032395, 1.1599999999999999: 0.55105710682920717, 1.1699999999999999: 0.5447755283313177, 1.1799999999999999: 0.53848749536191254, 1.1899999999999999: 0.53219402818351635, 1.2: 0.52589614794037942, 1.21: 0.51959487649279246, 1.22: 0.5132912362512847, 1.23: 0.50698625001073305, 1.24: 0.50068094078440983, 1.25: 0.49437633163799249, 1.26: 0.48807344552356713, 1.27: 0.48177330511365035, 1.28: 0.47547693263525537, 1.29: 0.4691853497040312, 1.3: 0.46289957715850039, 1.3100000000000001: 0.45662063489442312, 1.3200000000000001: 0.45034954169931546, 1.3300000000000001: 0.44408731508714516, 1.3400000000000001: 0.43783497113323555, 1.3500000000000001: 0.43159352430940345, 1.3600000000000001: 0.42536398731935521, 1.3700000000000001: 0.4191473709343716, 1.3799999999999999: 0.41294468382930483, 1.3899999999999999: 0.40675693241891797, 1.3999999999999999: 0.40058512069458696, 1.4099999999999999: 0.39443025006140087, 1.4199999999999999: 0.38829331917567678, 1.4299999999999999: 0.38217532378292635, 1.4399999999999999: 0.37607725655628771, 1.45: 0.37000010693546276, 1.46: 0.36394486096617507, 1.47: 0.35791250114017803, 1.48: 0.35190400623584228, 1.49: 0.34592035115934544, 1.5: 0.33996250678648643, 1.51: 0.33403143980515826, 1.52: 0.32812811255849761, 1.53: 0.32225348288874134, 1.54: 0.31640850398181031, 1.55: 0.31059412421265259, 1.5600000000000001: 0.30481128699136295, 1.5700000000000001: 0.29906093061011202, 1.5800000000000001: 0.29334398809090378, 1.5900000000000001: 0.28766138703418742, 1.6000000000000001: 0.28201404946835096, 1.6100000000000001: 0.27640289170011745, 1.6200000000000001: 0.27082882416586934, 1.6299999999999999: 0.26529275128392688, 1.6399999999999999: 0.25979557130780195, 1.6499999999999999: 0.25433817618045163, 1.6599999999999999: 0.24892145138955674, 1.6699999999999999: 0.24354627582384741, 1.6799999999999999: 0.238213521630499, 1.6899999999999999: 0.23292405407362302, 1.7: 0.22767873139387257, 1.71: 0.22247840466918994, 1.72: 0.21732391767671513, 1.73: 0.21221610675587838, 1.74: 0.20715580067270109, 1.75: 0.20214382048532462, 1.76: 0.19718097941078877, 1.77: 0.19226808269308535, 1.78: 0.1874059274725012, 1.79: 0.18259530265628063, 1.8: 0.17783698879062126, 1.8100000000000001: 0.17313175793402491, 1.8200000000000001: 0.16848037353202996, 1.8300000000000001: 0.16388359029333743, 1.8400000000000001: 0.15934215406735575, 1.8500000000000001: 0.15485680172318467, 1.8600000000000001: 0.15042826103005297, 1.8700000000000001: 0.14605725053923604, 1.8799999999999999: 0.14174447946746682, 1.8899999999999999: 0.13749064758186258, 1.8999999999999999: 0.1332964450863833, 1.9099999999999999: 0.12916255250984482, 1.9199999999999999: 0.12508964059549801, 1.9299999999999999: 0.12107837019219889, 1.9399999999999999: 0.11712939214718192, 1.95: 0.11324334720045766, 1.96: 0.10942086588084918, 1.97: 0.10566256840368671, 1.98: 0.10196906457017343, 1.99: 0.098340953668443851, 2.0: 0.094778824376325468, 2.0099999999999998: 0.09128325466582396, 2.02: 0.087854811709343478, 2.0299999999999998: 0.084494051787661437, 2.04: 0.081201520199668226, 2.0499999999999998: 0.077977751173891094, 2.0600000000000001: 0.074823267781812031, 2.0699999999999998: 0.071738581852998098, 2.0800000000000001: 0.06872419389205324, 2.0899999999999999: 0.065780592997410861, 2.1000000000000001: 0.06290825678197362, 2.1099999999999999: 0.060107651295619936, 2.1200000000000001: 0.057379230949584234, 2.1299999999999999: 0.054723438442727181, 2.1400000000000001: 0.052140704689705136, 2.1499999999999999: 0.049631448751053617, 2.1600000000000001: 0.047196077765190754, 2.1699999999999999: 0.044834986882359068, 2.1800000000000002: 0.042548559200509102, 2.1899999999999999: 0.040337165703141158, 2.2000000000000002: 0.03820116519911055, 2.21: 0.036140904264409933, 2.2200000000000002: 0.034156717185935069, 2.23: 0.032248925907245943, 2.2400000000000002: 0.030417839976329155, 2.25: 0.028663756495373248, 2.2599999999999998: 0.026986960072561551, 2.27: 0.025387722775893653, 2.2799999999999998: 0.023866304089041272, 2.29: 0.02242295086924545, 2.2999999999999998: 0.021057897307263009, 2.3100000000000001: 0.01977136488936812, 2.3199999999999998: 0.0185635623614148, 2.3300000000000001: 0.017434685694967218, 2.3399999999999999: 0.016384918055502462, 2.3500000000000001: 0.015414429772690627, 2.3599999999999999: 0.01452337831275868, 2.3700000000000001: 0.013711908252940179, 2.3799999999999999: 0.01298015125801754, 2.3900000000000001: 0.012328226058958362, 2.3999999999999999: 0.011756238433651096, 2.4100000000000001: 0.011264281189741758, 2.4199999999999999: 0.010852434149575929, 2.4300000000000002: 0.010520764137246681, 2.4399999999999999: 0.010269324967752463, 2.4500000000000002: 0.010098157438265143, 2.46: 0.01000728932151059, 2.4700000000000002: 0.0099967353612623235, 2.48: 0.010066497269949404, 2.4900000000000002: 0.010216563728378446, 2.5: 0.010446910387570275, 2.5099999999999998: 0.010757499872710654, 2.52: 0.011148281789214601, 2.5299999999999998: 0.011619192730902899, 2.54: 0.012170156290290347, 2.5499999999999998: 0.012801083070983059, 2.5600000000000001: 0.013511870702183498, 2.5699999999999998: 0.01430240385530044, 2.5800000000000001: 0.015172554262661947, 2.5899999999999999: 0.016122180738326997, 2.6000000000000001: 0.017151129200993896, 2.6099999999999999: 0.018259232699000226, 2.6200000000000001: 0.019446311437412232, 2.6299999999999999: 0.020712172807196522, 2.6400000000000001: 0.022056611416472572, 2.6499999999999999: 0.023479409123837999, 2.6600000000000001: 0.024980335073763314, 2.6699999999999999: 0.026559145734048915, 2.6800000000000002: 0.028215584935339932, 2.6899999999999999: 0.029949383912690048, 2.7000000000000002: 0.031760261349170885, 2.71: 0.033647923421515985, 2.7200000000000002: 0.035612063847795881, 2.73: 0.037652363937112826, 2.7400000000000002: 0.039768492641310806, 2.75: 0.041960106608689041, 2.7599999999999998: 0.044226850239712498, 2.77: 0.046568355744709841, 2.7799999999999998: 0.048984243203548529, 2.79: 0.051474120627279178, 2.7999999999999998: 0.054037584021736973, 2.8100000000000001: 0.056674217453092056, 2.8199999999999998: 0.059383593115336725, 2.8300000000000001: 0.062165271399698678, 2.8399999999999999: 0.065018800965969514, 2.8500000000000001: 0.067943718815737658, 2.8599999999999999: 0.070939550367510221, 2.8700000000000001: 0.0740058095337182, 2.8799999999999999: 0.077141998799584624, 2.8900000000000001: 0.080347609303849904, 2.8999999999999999: 0.083622120921335696, 2.9100000000000001: 0.086965002347339435, 2.9199999999999999: 0.090375711183838872, 2.9300000000000002: 0.093853694027500462, 2.9399999999999999: 0.097398386559470113, 2.9500000000000002: 0.10100921363693816, 2.96: 0.10468558938645703, 2.9700000000000002: 0.10842691729900399, 2.98: 0.11223259032676579, 2.9900000000000002: 0.11610199098163611, 3.0: 0.12003449143540501, 3.0099999999999998: 0.12402945362162811, 3.02: 0.12808622933915431, 3.0299999999999998: 0.13220416035730059, 3.04: 0.13638257852265306, 3.0499999999999998: 0.14062080586747677, 3.0600000000000001: 0.14491815471972055, 3.0699999999999998: 0.14927392781459392, 3.0800000000000001: 0.15368741840770236, 3.0899999999999999: 0.1581579103897188, 3.1000000000000001: 0.16268467840257736, 3.1099999999999999: 0.16726698795716352, 3.1200000000000001: 0.17190409555249192, 3.1299999999999999: 0.176595248796339, 3.1400000000000001: 0.18133968652732507, 3.1499999999999999: 0.18613663893841453, 3.1600000000000001: 0.19098532770182167, 3.1699999999999999: 0.19588496609529746, 3.1800000000000002: 0.20083475912977936, 3.1899999999999999: 0.20583390367838061, 3.2000000000000002: 0.2108815886067035, 3.21: 0.2159769949044473, 3.2200000000000002: 0.22111929581829862, 3.23: 0.22630765698607483, 3.2400000000000002: 0.23154123657210343, 3.25: 0.23681918540381272, 3.2599999999999998: 0.24214064710951674, 3.27: 0.24750475825736257, 3.2799999999999998: 0.25291064849542766, 3.29: 0.25835744069293937, 3.2999999999999998: 0.26384425108259035, 3.3100000000000001: 0.26937018940393748, 3.3199999999999998: 0.27493435904784791, 3.3300000000000001: 0.28053585720198077, 3.3399999999999999: 0.2861737749972697, 3.3500000000000001: 0.2918471976553943, 3.3599999999999999: 0.29755520463720364, 3.3700000000000001: 0.30329686979208109, 3.3799999999999999: 0.3090712615082144, 3.3900000000000001: 0.31487744286375574, 3.3999999999999999: 0.32071447177884033, 3.4100000000000001: 0.32658140116844392, 3.4199999999999999: 0.3324772790960509, 3.4300000000000002: 0.33840114892811174, 3.4399999999999999: 0.34435204948926063, 3.4500000000000002: 0.35032901521827015, 3.46: 0.356331076324718, 3.4700000000000002: 0.36235725894634219, 3.48: 0.3684065853070505, 3.4900000000000002: 0.37447807387557319, 3.5: 0.38057073952471998, 3.5099999999999998: 0.38668359369122007, 3.52: 0.39281564453612244, 3.5299999999999998: 0.39896589710572444, 3.54: 0.40513335349301144, 3.5499999999999998: 0.41131701299956869, 3.5600000000000001: 0.4175158722979499, 3.5699999999999998: 0.42372892559447151, 3.5800000000000001: 0.42995516479240964, 3.5899999999999999: 0.43619357965556421, 3.6000000000000001: 0.44244315797217937, 3.6099999999999999: 0.44870288571917605, 3.6200000000000001: 0.45497174722668315, 3.6299999999999999: 0.4612487253428344, 3.6400000000000001: 0.46753280159880617, 3.6499999999999999: 0.47382295637406896, 3.6600000000000001: 0.48011816906182447, 3.6699999999999999: 0.48641741823460649, 3.6800000000000002: 0.4927196818100083, 3.6899999999999999: 0.49902393721652311, 3.7000000000000002: 0.50532916155946095, 3.71: 0.51163433178691675, 3.7200000000000002: 0.51793842485576658, 3.73: 0.52424041789765907, 3.7400000000000002: 0.53053928838498321, 3.75: 0.5368340142967768, 3.7599999999999998: 0.54312357428455393, 3.77: 0.54940694783802402, 3.7799999999999998: 0.55568311545067395, 3.79: 0.56195105878518914, 3.7999999999999998: 0.56820976083867969, 3.8100000000000001: 0.57445820610769927, 3.8199999999999998: 0.58069538075300997, 3.8300000000000001: 0.58692027276408776, 3.8399999999999999: 0.5931318721233193, 3.8500000000000001: 0.59932917096988947, 3.8599999999999999: 0.60551116376330472, 3.8700000000000001: 0.61167684744655093, 3.8799999999999999: 0.61782522160884279, 3.8900000000000001: 0.62395528864794592, 3.8999999999999999: 0.63006605393203907, 3.9100000000000001: 0.63615652596110306, 3.9199999999999999: 0.64222571652779181, 3.9300000000000002: 0.64827264087777514, 3.9399999999999999: 0.65429631786952158, 3.9500000000000002: 0.66029577013349006, 3.96: 0.66627002423071369, 3.9700000000000002: 0.67221811081074578, 3.98: 0.67813906476894048, 3.9900000000000002: 0.68403192540304625, 4.0: 0.68989573656908265}","{'yTyTTz': array([ 0.56929273,  0.59585825,  0.63690037])}",[ 0.01141728  0.00933438  0.00302272],"[[[ 0.01141728]]

 [[ 0.00933438]]

 [[ 0.00302272]]]","{0.0: 0.78829680231348975, 1.0: 0.68730352711424725, 2.0: 0.46763965306910515}","[[ 0.00000000+0.j  0.00000000+0.j  0.00000000+0.j  0.00000000+0.j
   0.00000000+0.j  0.00000000+0.j -0.63690037+0.j  0.00000000+0.j]
 [ 0.00000000+0.j  0.00000000+0.j  0.00000000+0.j  0.00000000+0.j
   0.00000000+0.j  0.00000000+0.j  0.00000000+0.j  0.63690037+0.j]
 [ 0.00000000+0.j  0.00000000+0.j  0.00000000+0.j  0.00000000+0.j
   0.63690037+0.j  0.00000000+0.j  0.00000000+0.j  0.00000000+0.j]
 [ 0.00000000+0.j  0.00000000+0.j  0.00000000+0.j  0.00000000+0.j
   0.00000000+0.j -0.63690037+0.j  0.00000000+0.j  0.00000000+0.j]
 [ 0.00000000+0.j  0.00000000+0.j  0.63690037+0.j  0.00000000+0.j
   0.00000000+0.j  0.00000000+0.j  0.00000000+0.j  0.00000000+0.j]
 [ 0.00000000+0.j  0.00000000+0.j  0.00000000+0.j -0.63690037+0.j
   0.00000000+0.j  0.00000000+0.j  0.00000000+0.j  0.00000000+0.j]
 [-0.63690037+0.j  0.00000000+0.j  0.00000000+0.j  0.00000000+0.j
   0.00000000+0.j  0.00000000+0.j  0.00000000+0.j  0.00000000+0.j]
 [ 0.00000000+0.j  0.63690037+0.j  0.00000000+0.j  0.00000000+0.j
   0.00000000+0.j  0.00000000+0.j  0.00000000+0.j  0.00000000+0.j]]",non_interacting_ising,$\sigma^{yyz}_{123}$
zTyTTyTTTz,zTyTTyTTTz,[[ 0.48890413  0.15299528]],$$,10,3,1,0.5,0.8,1.0,/panfs/panasas01/phys/bf16951/QMD/ParallelDevelopment/Results/Dec_20/14_01/logs/test_multiple_growth_rules_including_grouped_hubbard_234.qmd.7894540.log,config_p10_e3_b1_ra0.8_rt0.5_rp1.0,$P_{10}E_{3}B_{1}RT_{0.5}RA_{0.8}RP_{1.0}H_{40}$,72.46691560745239,234,0,1,0,0,4,1,{'zTyTTyTTTz': 0.48890413096779251},{'zTyTTyTTTz': 0.15299528071017238},"[0.35466926153917688, 0.36787437063664802, 0.3151177209530544]","{0.0: 0.99999999999999911, 0.01: 0.99997616175573223, 0.02: 0.99990464930211087, 0.029999999999999999: 0.99978546947644908, 0.040000000000000001: 0.99961863367354731, 0.050000000000000003: 0.99940415784459968, 0.059999999999999998: 0.99914206249566961, 0.070000000000000007: 0.998832372685729, 0.080000000000000002: 0.99847511802426425, 0.089999999999999997: 0.99807033266844269, 0.10000000000000001: 0.99761805531984737, 0.11: 0.99711832922077914, 0.12: 0.99657120215011752, 0.13: 0.99597672641875823, 0.14000000000000001: 0.9953349588646081, 0.14999999999999999: 0.99464596084715129, 0.16: 0.9939097982415831, 0.17000000000000001: 0.99312654143251178, 0.17999999999999999: 0.99229626530722903, 0.19: 0.99141904924854984, 0.20000000000000001: 0.99049497712722245, 0.20999999999999999: 0.9895241372939102, 0.22: 0.98850662257074218, 0.23000000000000001: 0.98744253024244311, 0.23999999999999999: 0.98633196204702633, 0.25: 0.98517502416607006, 0.26000000000000001: 0.98397182721456511, 0.27000000000000002: 0.98272248623033787, 0.28000000000000003: 0.98142712066305127, 0.28999999999999998: 0.98008585436278739, 0.29999999999999999: 0.97869881556820204, 0.31: 0.97726613689426389, 0.32000000000000001: 0.97578795531958018, 0.33000000000000002: 0.97426441217329496, 0.34000000000000002: 0.97269565312157846, 0.34999999999999998: 0.97108182815369959, 0.35999999999999999: 0.96942309156768647, 0.37: 0.96771960195557249, 0.38: 0.96597152218823534, 0.39000000000000001: 0.96417901939982176, 0.40000000000000002: 0.96234226497177144, 0.40999999999999998: 0.96046143451642751, 0.41999999999999998: 0.95853670786025003, 0.42999999999999999: 0.95656826902661951, 0.44: 0.95455630621824494, 0.45000000000000001: 0.95250101179916746, 0.46000000000000002: 0.95040258227637031, 0.46999999999999997: 0.9482612182809893, 0.47999999999999998: 0.94607712454913107, 0.48999999999999999: 0.94385050990229935, 0.5: 0.94158158722742746, 0.51000000000000001: 0.93927057345652432, 0.52000000000000002: 0.9369176895459369, 0.53000000000000003: 0.93452316045521922, 0.54000000000000004: 0.93208721512562853, 0.55000000000000004: 0.92961008645823373, 0.56000000000000005: 0.92709201129164764, 0.56999999999999995: 0.92453323037938506, 0.57999999999999996: 0.92193398836684126, 0.58999999999999997: 0.91929453376790415, 0.59999999999999998: 0.9166151189411923, 0.60999999999999999: 0.91389600006592575, 0.62: 0.91113743711743633, 0.63: 0.90833969384230717, 0.64000000000000001: 0.90550303773315899, 0.65000000000000002: 0.90262774000307378, 0.66000000000000003: 0.89971407555966376, 0.67000000000000004: 0.89676232297878899, 0.68000000000000005: 0.89377276447791953, 0.68999999999999995: 0.89074568588915737, 0.69999999999999996: 0.88768137663190327, 0.70999999999999996: 0.88458012968518751, 0.71999999999999997: 0.88144224155965945, 0.72999999999999998: 0.87826801226923434, 0.73999999999999999: 0.87505774530241365, 0.75: 0.8718117475932643, 0.76000000000000001: 0.86853032949207487, 0.77000000000000002: 0.86521380473568255, 0.78000000000000003: 0.86186249041747698, 0.79000000000000004: 0.85847670695708245, 0.80000000000000004: 0.8550567780697228, 0.81000000000000005: 0.85160303073526966, 0.81999999999999995: 0.84811579516698277, 0.82999999999999996: 0.844595404779936, 0.83999999999999997: 0.84104219615913944, 0.84999999999999998: 0.83745650902735957, 0.85999999999999999: 0.83383868621263701, 0.87: 0.83018907361551098, 0.88: 0.82650802017594471, 0.89000000000000001: 0.82279587783996566, 0.90000000000000002: 0.81905300152601379, 0.91000000000000003: 0.81527974909101097, 0.92000000000000004: 0.81147648129614192, 0.93000000000000005: 0.80764356177236529, 0.93999999999999995: 0.80378135698564601, 0.94999999999999996: 0.79989023620191513, 0.95999999999999996: 0.79597057145176908, 0.96999999999999997: 0.79202273749489416, 0.97999999999999998: 0.78804711178423958, 0.98999999999999999: 0.78404407442992852, 1.0: 0.78001400816291377, 1.01: 0.77595729829838744, 1.02: 0.77187433269893913, 1.03: 0.76776550173747304, 1.04: 0.76363119825988368, 1.05: 0.75947181754749704, 1.0600000000000001: 0.75528775727927711, 1.0700000000000001: 0.75107941749380269, 1.0800000000000001: 0.74684720055102094, 1.0900000000000001: 0.74259151109377852, 1.1000000000000001: 0.73831275600913038, 1.1100000000000001: 0.73401134438944071, 1.1200000000000001: 0.72968768749326751, 1.1299999999999999: 0.72534219870604355, 1.1399999999999999: 0.72097529350055045, 1.1499999999999999: 0.71658738939719757, 1.1599999999999999: 0.71217890592410138, 1.1699999999999999: 0.70775026457697543, 1.1799999999999999: 0.70330188877882849, 1.1899999999999999: 0.6988342038394848, 1.2: 0.69434763691491774, 1.21: 0.68984261696640947, 1.22: 0.68531957471953897, 1.23: 0.68077894262299909, 1.24: 0.67622115480725109, 1.25: 0.67164664704301624, 1.26: 0.66705585669961331, 1.27: 0.66244922270313988, 1.28: 0.65782718549450792, 1.29: 0.65319018698733211, 1.3: 0.64853867052568004, 1.3100000000000001: 0.64387308084168149, 1.3200000000000001: 0.63919386401300937, 1.3300000000000001: 0.63450146742023106, 1.3400000000000001: 0.62979633970403126, 1.3500000000000001: 0.62507893072232013, 1.3600000000000001: 0.62034969150722152, 1.3700000000000001: 0.61560907422194799, 1.3799999999999999: 0.61085753211757299, 1.3899999999999999: 0.60609551948969198, 1.3999999999999999: 0.60132349163498922, 1.4099999999999999: 0.59654190480770608, 1.4199999999999999: 0.59175121617601889, 1.4299999999999999: 0.5869518837783283, 1.4399999999999999: 0.58214436647946632, 1.45: 0.57732912392682578, 1.46: 0.57250661650641133, 1.47: 0.56767730529882143, 1.48: 0.56284165203516778, 1.49: 0.55800011905292601, 1.5: 0.55315316925173152, 1.51: 0.54830126604912344, 1.52: 0.54344487333623726, 1.53: 0.53858445543344868, 1.54: 0.53372047704598458, 1.55: 0.52885340321948937, 1.5600000000000001: 0.52398369929556243, 1.5700000000000001: 0.51911183086726809, 1.5800000000000001: 0.51423826373461912, 1.5900000000000001: 0.50936346386003983, 1.6000000000000001: 0.50448789732381982, 1.6100000000000001: 0.49961203027954781, 1.6200000000000001: 0.49473632890954439, 1.6299999999999999: 0.48986125938029013, 1.6399999999999999: 0.48498728779785466, 1.6499999999999999: 0.48011488016333392, 1.6599999999999999: 0.47524450232829329, 1.6699999999999999: 0.47037661995022972, 1.6799999999999999: 0.46551169844804846, 1.6899999999999999: 0.4606502029575657, 1.7: 0.45579259828703544, 1.71: 0.45093934887271064, 1.72: 0.44609091873443651, 1.73: 0.44124777143128802, 1.74: 0.43641037001724658, 1.75: 0.43157917699692855, 1.76: 0.426754654281365, 1.77: 0.421937263143838, 1.78: 0.41712746417577884, 1.79: 0.41232571724273015, 1.8: 0.40753248144037874, 1.8100000000000001: 0.40274821505066033, 1.8200000000000001: 0.39797337549794476, 1.8300000000000001: 0.39320841930530043, 1.8400000000000001: 0.3884538020508454, 1.8500000000000001: 0.38370997832419157, 1.8600000000000001: 0.37897740168297972, 1.8700000000000001: 0.37425652460951531, 1.8799999999999999: 0.36954779846750624, 1.8899999999999999: 0.36485167345890862, 1.8999999999999999: 0.36016859858088213, 1.9099999999999999: 0.3554990215828619, 1.9199999999999999: 0.35084338892374883, 1.9299999999999999: 0.34620214572922298, 1.9399999999999999: 0.34157573574918737, 1.95: 0.3369646013153374, 1.96: 0.33236918329887288, 1.97: 0.3277899210683437, 1.98: 0.32322725244764366, 1.99: 0.31868161367414893, 2.0: 0.31415343935700901, 2.0099999999999998: 0.3096431624355962, 2.02: 0.3051512141381077, 2.0299999999999998: 0.30067802394034054, 2.04: 0.2962240195246259, 2.0499999999999998: 0.29178962673894088, 2.0600000000000001: 0.28737526955619114, 2.0699999999999998: 0.28298137003367591, 2.0800000000000001: 0.27860834827273395, 2.0899999999999999: 0.27425662237858012, 2.1000000000000001: 0.26992660842032629, 2.1099999999999999: 0.26561872039120477, 2.1200000000000001: 0.26133337016898406, 2.1299999999999999: 0.25707096747658992, 2.1400000000000001: 0.25283191984293185, 2.1499999999999999: 0.24861663256393871, 2.1600000000000001: 0.24442550866380836, 2.1699999999999999: 0.24025894885647542, 2.1800000000000002: 0.23611735150729754, 2.1899999999999999: 0.23200111259496839, 2.2000000000000002: 0.22791062567365816, 2.21: 0.22384628183538596, 2.2200000000000002: 0.21980846967262607, 2.23: 0.21579757524115686, 2.2400000000000002: 0.21181398202314769, 2.25: 0.20785807089049615, 2.2599999999999998: 0.20393022006841088, 2.27: 0.20003080509925056, 2.2799999999999998: 0.19616019880661859, 2.29: 0.1923187712597163, 2.2999999999999998: 0.1885068897379614, 2.3100000000000001: 0.18472491869587146, 2.3199999999999998: 0.18097321972822011, 2.3300000000000001: 0.17725215153546281, 2.3399999999999999: 0.17356206988944289, 2.3500000000000001: 0.16990332759937518, 2.3599999999999999: 0.16627627447811477, 2.3700000000000001: 0.16268125730871091, 2.3799999999999999: 0.15911861981125086, 2.3900000000000001: 0.15558870260999716, 2.3999999999999999: 0.15209184320082092, 2.4100000000000001: 0.14862837591893158, 2.4199999999999999: 0.14519863190691423, 2.4300000000000002: 0.14180293908306668, 2.4399999999999999: 0.13844162211004857, 2.4500000000000002: 0.13511500236383864, 2.46: 0.13182339790301048, 2.4700000000000002: 0.12856712343831983, 2.48: 0.12534649030261794, 2.4900000000000002: 0.12216180642108267, 2.5: 0.11901337628177945, 2.5099999999999998: 0.1159015009065483, 2.52: 0.11282647782222267, 2.5299999999999998: 0.10978860103218405, 2.54: 0.1067881609882512, 2.5499999999999998: 0.10382544456291067, 2.5600000000000001: 0.10090073502188844, 2.5699999999999998: 0.098014311997067186, 2.5800000000000001: 0.095166451459750306, 2.5899999999999999: 0.092357425694276851, 2.6000000000000001: 0.089587503271987223, 2.6099999999999999: 0.086856949025546845, 2.6200000000000001: 0.084166024023623262, 2.6299999999999999: 0.081514985545927565, 2.6400000000000001: 0.078904087058613764, 2.6499999999999999: 0.076333578190046894, 2.6600000000000001: 0.073803704706933759, 2.6699999999999999: 0.071314708490827702, 2.6800000000000002: 0.068866827514999687, 2.6899999999999999: 0.066460295821687804, 2.7000000000000002: 0.064095343499719043, 2.71: 0.061772196662511075, 2.7200000000000002: 0.059491077426453369, 2.73: 0.057252203889670859, 2.7400000000000002: 0.055055790111171087, 2.75: 0.052902046090378463, 2.7599999999999998: 0.050791177747055917, 2.77: 0.048723386901616532, 2.7799999999999998: 0.046698871255828708, 2.79: 0.044717824373912266, 2.7999999999999998: 0.042780435664032931, 2.8100000000000001: 0.04088689036019251, 2.8199999999999998: 0.039037369504518638, 2.8300000000000001: 0.037232049929955359, 2.8399999999999999: 0.035471104243356269, 2.8500000000000001: 0.033754700808981242, 2.8599999999999999: 0.032083003732399619, 2.8700000000000001: 0.030456172844799206, 2.8799999999999999: 0.02887436368770583, 2.8900000000000001: 0.027337727498110757, 2.8999999999999999: 0.025846411194012448, 2.9100000000000001: 0.024400557360368075, 2.9199999999999999: 0.023000304235462361, 2.9300000000000002: 0.021645785697689553, 2.9399999999999999: 0.020337131252753941, 2.9500000000000002: 0.01907446602128747, 2.96: 0.017857910726887142, 2.9700000000000002: 0.016687581684572399, 2.98: 0.01556359078966434, 2.9900000000000002: 0.014486045507087547, 3.0: 0.013455048861095047, 3.0099999999999998: 0.012470699425418499, 3.02: 0.011533091313842973, 3.0299999999999998: 0.010642314171209553, 3.04: 0.009798453164843568, 3.0499999999999998: 0.0090015889764122961, 3.0600000000000001: 0.0082517977942106798, 3.0699999999999998: 0.0075491513058771288, 3.0800000000000001: 0.0068937166915391881, 3.0899999999999999: 0.0062855566173908636, 3.1000000000000001: 0.0057247292297006296, 3.1099999999999999: 0.0052112881492524434, 3.1200000000000001: 0.0047452824662187537, 3.1299999999999999: 0.0043267567354672723, 3.1400000000000001: 0.0039557509723007608, 3.1499999999999999: 0.0036323006486314617, 3.1600000000000001: 0.0033564366895893994, 3.1699999999999999: 0.0031281854705657842, 3.1800000000000002: 0.0029475688146911126, 3.1899999999999999: 0.0028146039907487926, 3.2000000000000002: 0.0027293037115239619, 3.21: 0.0026916761325880881, 3.2200000000000002: 0.0027017248515191876, 3.23: 0.002759448907557849, 3.2400000000000002: 0.0028648427816991241, 3.25: 0.0030178963972201586, 3.2599999999999998: 0.0032185951206436646, 3.27: 0.0034669197631370234, 3.2799999999999998: 0.0037628465823468849, 3.29: 0.0041063472846692966, 3.2999999999999998: 0.0044973890279546864, 3.3100000000000001: 0.004935934424648087, 3.3199999999999998: 0.0054219415453635889, 3.3300000000000001: 0.0059553639228934084, 3.3399999999999999: 0.0065361505566503683, 3.3500000000000001: 0.0071642459175444047, 3.3599999999999999: 0.0078395899532913253, 3.3700000000000001: 0.0085621180941548268, 3.3799999999999999: 0.0093317612591196589, 3.3900000000000001: 0.010148445862496665, 3.3999999999999999: 0.011012093820958257, 3.4100000000000001: 0.011922622561004109, 3.4199999999999999: 0.012879945026855646, 3.4300000000000002: 0.01388396968877998, 3.4399999999999999: 0.014934600551840602, 3.4500000000000002: 0.016031737165075881, 3.46: 0.017175274631102879, 3.4700000000000002: 0.0183651036161467, 3.48: 0.019601110360494039, 3.4900000000000002: 0.020883176689369603, 3.5: 0.022211180024234767, 3.5099999999999998: 0.023584993394507522, 3.52: 0.025004485449702143, 3.5299999999999998: 0.026469520471987387, 3.54: 0.027979958389162726, 3.5499999999999998: 0.029535654788050564, 3.5600000000000001: 0.03113646092830364, 3.5699999999999998: 0.032782223756626087, 3.5800000000000001: 0.034472785921406908, 3.5899999999999999: 0.036207985787764234, 3.6000000000000001: 0.037987657452999722, 3.6099999999999999: 0.039811630762459777, 3.6200000000000001: 0.04167973132580495, 3.6299999999999999: 0.043591780533682463, 3.6400000000000001: 0.045547595574804138, 3.6499999999999999: 0.047546989453423769, 3.6600000000000001: 0.049589771007217114, 3.6699999999999999: 0.051675744925557848, 3.6800000000000002: 0.053804711768192175, 3.6899999999999999: 0.055976467984306465, 3.7000000000000002: 0.058190805931989574, 3.71: 0.060447513898084504, 3.7200000000000002: 0.062746376118431826, 3.73: 0.065087172798497142, 3.7400000000000002: 0.067469680134387353, 3.75: 0.06989367033424719, 3.7599999999999998: 0.072358911640039464, 3.77: 0.074865168349703012, 3.7799999999999998: 0.077412200839687945, 3.79: 0.079999765587866714, 3.7999999999999998: 0.0826276151968168, 3.8100000000000001: 0.085295498417474774, 3.8199999999999998: 0.08800316017315743, 3.8300000000000001: 0.090750341583951497, 3.8399999999999999: 0.093536779991463231, 3.8500000000000001: 0.096362208983931955, 3.8599999999999999: 0.099226358421702007, 3.8700000000000001: 0.10212895446305083, 3.8799999999999999: 0.10506971959037023, 3.8900000000000001: 0.10804837263670121, 3.8999999999999999: 0.1110646288126149, 3.9100000000000001: 0.11411819973344213, 3.9199999999999999: 0.11720879344684618, 3.9300000000000002: 0.12033611446073607, 3.9399999999999999: 0.12349986377151798, 3.9500000000000002: 0.12669973889268416, 3.96: 0.12993543388373271, 3.9700000000000002: 0.13320663937941959, 3.98: 0.13651304261933569, 3.9900000000000002: 0.13985432747781171, 4.0: 0.14323017449414083}","{'zTyTTyTTTz': array([ 0.52780564,  0.54017025,  0.48890413])}",[ 0.01907935  0.01592647  0.01100537],"[[[ 0.01907935]]

 [[ 0.01592647]]

 [[ 0.01100537]]]","{0.0: 0.8922099120713638, 1.0: 0.86714547437530243, 2.0: 0.94592710435151672}","[[ 0.00000000+0.j  0.00000000+0.j  0.00000000+0.j  0.00000000+0.j
   0.00000000+0.j  0.00000000+0.j -0.48890413+0.j  0.00000000+0.j
   0.00000000+0.j  0.00000000+0.j  0.00000000+0.j  0.00000000+0.j
   0.00000000+0.j  0.00000000+0.j  0.00000000+0.j  0.00000000+0.j]
 [ 0.00000000+0.j  0.00000000+0.j  0.00000000+0.j  0.00000000+0.j
   0.00000000+0.j  0.00000000+0.j  0.00000000+0.j  0.48890413+0.j
   0.00000000+0.j  0.00000000+0.j  0.00000000+0.j  0.00000000+0.j
   0.00000000+0.j  0.00000000+0.j  0.00000000+0.j  0.00000000+0.j]
 [ 0.00000000+0.j  0.00000000+0.j  0.00000000+0.j  0.00000000+0.j
   0.48890413+0.j  0.00000000+0.j  0.00000000+0.j  0.00000000+0.j
   0.00000000+0.j  0.00000000+0.j  0.00000000+0.j  0.00000000+0.j
   0.00000000+0.j  0.00000000+0.j  0.00000000+0.j  0.00000000+0.j]
 [ 0.00000000+0.j  0.00000000+0.j  0.00000000+0.j  0.00000000+0.j
   0.00000000+0.j -0.48890413+0.j  0.00000000+0.j  0.00000000+0.j
   0.00000000+0.j  0.00000000+0.j  0.00000000+0.j  0.00000000+0.j
   0.00000000+0.j  0.00000000+0.j  0.00000000+0.j  0.00000000+0.j]
 [ 0.00000000+0.j  0.00000000+0.j  0.48890413+0.j  0.00000000+0.j
   0.00000000+0.j  0.00000000+0.j  0.00000000+0.j  0.00000000+0.j
   0.00000000+0.j  0.00000000+0.j  0.00000000+0.j  0.00000000+0.j
   0.00000000+0.j  0.00000000+0.j  0.00000000+0.j  0.00000000+0.j]
 [ 0.00000000+0.j  0.00000000+0.j  0.00000000+0.j -0.48890413+0.j
   0.00000000+0.j  0.00000000+0.j  0.00000000+0.j  0.00000000+0.j
   0.00000000+0.j  0.00000000+0.j  0.00000000+0.j  0.00000000+0.j
   0.00000000+0.j  0.00000000+0.j  0.00000000+0.j  0.00000000+0.j]
 [-0.48890413+0.j  0.00000000+0.j  0.00000000+0.j  0.00000000+0.j
   0.00000000+0.j  0.00000000+0.j  0.00000000+0.j  0.00000000+0.j
   0.00000000+0.j  0.00000000+0.j  0.00000000+0.j  0.00000000+0.j
   0.00000000+0.j  0.00000000+0.j  0.00000000+0.j  0.00000000+0.j]
 [ 0.00000000+0.j  0.48890413+0.j  0.00000000+0.j  0.00000000+0.j
   0.00000000+0.j  0.00000000+0.j  0.00000000+0.j  0.00000000+0.j
   0.00000000+0.j  0.00000000+0.j  0.00000000+0.j  0.00000000+0.j
   0.00000000+0.j  0.00000000+0.j  0.00000000+0.j  0.00000000+0.j]
 [ 0.00000000+0.j  0.00000000+0.j  0.00000000+0.j  0.00000000+0.j
   0.00000000+0.j  0.00000000+0.j  0.00000000+0.j  0.00000000+0.j
   0.00000000+0.j  0.00000000+0.j  0.00000000+0.j  0.00000000+0.j
   0.00000000+0.j  0.00000000+0.j  0.48890413+0.j  0.00000000+0.j]
 [ 0.00000000+0.j  0.00000000+0.j  0.00000000+0.j  0.00000000+0.j
   0.00000000+0.j  0.00000000+0.j  0.00000000+0.j  0.00000000+0.j
   0.00000000+0.j  0.00000000+0.j  0.00000000+0.j  0.00000000+0.j
   0.00000000+0.j  0.00000000+0.j  0.00000000+0.j -0.48890413+0.j]
 [ 0.00000000+0.j  0.00000000+0.j  0.00000000+0.j  0.00000000+0.j
   0.00000000+0.j  0.00000000+0.j  0.00000000+0.j  0.00000000+0.j
   0.00000000+0.j  0.00000000+0.j  0.00000000+0.j  0.00000000+0.j
  -0.48890413+0.j  0.00000000+0.j  0.00000000+0.j  0.00000000+0.j]
 [ 0.00000000+0.j  0.00000000+0.j  0.00000000+0.j  0.00000000+0.j
   0.00000000+0.j  0.00000000+0.j  0.00000000+0.j  0.00000000+0.j
   0.00000000+0.j  0.00000000+0.j  0.00000000+0.j  0.00000000+0.j
   0.00000000+0.j  0.48890413+0.j  0.00000000+0.j  0.00000000+0.j]
 [ 0.00000000+0.j  0.00000000+0.j  0.00000000+0.j  0.00000000+0.j
   0.00000000+0.j  0.00000000+0.j  0.00000000+0.j  0.00000000+0.j
   0.00000000+0.j  0.00000000+0.j -0.48890413+0.j  0.00000000+0.j
   0.00000000+0.j  0.00000000+0.j  0.00000000+0.j  0.00000000+0.j]
 [ 0.00000000+0.j  0.00000000+0.j  0.00000000+0.j  0.00000000+0.j
   0.00000000+0.j  0.00000000+0.j  0.00000000+0.j  0.00000000+0.j
   0.00000000+0.j  0.00000000+0.j  0.00000000+0.j  0.48890413+0.j
   0.00000000+0.j  0.00000000+0.j  0.00000000+0.j  0.00000000+0.j]
 [ 0.00000000+0.j  0.00000000+0.j  0.00000000+0.j  0.00000000+0.j
   0.00000000+0.j  0.00000000+0.j  0.00000000+0.j  0.00000000+0.j
   0.48890413+0.j  0.00000000+0.j  0.00000000+0.j  0.00000000+0.j
   0.00000000+0.j  0.00000000+0.j  0.00000000+0.j  0.00000000+0.j]
 [ 0.00000000+0.j  0.00000000+0.j  0.00000000+0.j  0.00000000+0.j
   0.00000000+0.j  0.00000000+0.j  0.00000000+0.j  0.00000000+0.j
   0.00000000+0.j -0.48890413+0.j  0.00000000+0.j  0.00000000+0.j
   0.00000000+0.j  0.00000000+0.j  0.00000000+0.j  0.00000000+0.j]]",non_interacting_ising,$\sigma^{zyyz}_{1234}$
h_1h2_1h3_2h4_3h4_d4PPPPh_e_d4,h_1h2_1h3_2h4_3h4_d4PPPPh_e_d4,"[[ 0.41457999  0.09403534]
 [ 0.49697622  0.11038505]]","$H_{(1,2)(1,3)(2,4)(3,4)}\sigma_{z}^{\otimes4}$",10,3,1,0.5,0.8,1.0,/panfs/panasas01/phys/bf16951/QMD/ParallelDevelopment/Results/Dec_20/14_01/logs/test_multiple_growth_rules_including_grouped_hubbard_232.qmd..log,config_p10_e3_b1_ra0.8_rt0.5_rp1.0,$P_{10}E_{3}B_{1}RT_{0.5}RA_{0.8}RP_{1.0}H_{40}$,73.09951186180115,232,1,0,0,0,4,2,"{'h_1h2_1h3_2h4_3h4_d4': 0.41457998901455084, 'h_e_d4': 0.49697622064147745}","{'h_1h2_1h3_2h4_3h4_d4': 0.094035338077321284, 'h_e_d4': 0.1103850528060724}","[0.18082935623697152, 0.15242440966542453, 0.14288138701904829]","{0.0: 0.99999999999999911, 0.01: 0.99991142742677319, 0.02: 0.99964576309106246, 0.029999999999999999: 0.99920316709479218, 0.040000000000000001: 0.99858390610798742, 0.050000000000000003: 0.99778835311919556, 0.059999999999999998: 0.99681698708649003, 0.070000000000000007: 0.99567039248945466, 0.080000000000000002: 0.99434925878266711, 0.089999999999999997: 0.99285437975132673, 0.10000000000000001: 0.99118665276976292, 0.11: 0.98934707796369636, 0.12: 0.98733675727721415, 0.13: 0.98515689344555457, 0.14000000000000001: 0.98280878887487855, 0.14999999999999999: 0.98029384443034262, 0.16: 0.97761355813386197, 0.17000000000000001: 0.97476952377308113, 0.17999999999999999: 0.97176342942316174, 0.19: 0.96859705588309131, 0.20000000000000001: 0.96527227502832624, 0.20999999999999999: 0.96179104808166882, 0.22: 0.9581554238043668, 0.23000000000000001: 0.95436753660953622, 0.23999999999999999: 0.9504296046000642, 0.25: 0.94634392753325192, 0.26000000000000001: 0.94211288471454879, 0.27000000000000002: 0.93773893282277798, 0.28000000000000003: 0.93322460366936066, 0.28999999999999998: 0.9285725018940918, 0.29999999999999999: 0.9237853026001186, 0.31: 0.9188657489308053, 0.32000000000000001: 0.91381664959125664, 0.33000000000000002: 0.9086408763173256, 0.34000000000000002: 0.90334136129496467, 0.34999999999999998: 0.89792109453287239, 0.35999999999999999: 0.8923831211913924, 0.37: 0.88673053887069397, 0.38: 0.88096649486129108, 0.39000000000000001: 0.87509418335999745, 0.40000000000000002: 0.86911684265444389, 0.40999999999999998: 0.86303775227932011, 0.41999999999999998: 0.85686023014751078, 0.42999999999999999: 0.85058762965934231, 0.44: 0.84422333679314188, 0.45000000000000001: 0.8377707671803527, 0.46000000000000002: 0.83123336316842977, 0.46999999999999997: 0.82461459087476852, 0.47999999999999998: 0.81791793723490225, 0.48999999999999999: 0.81114690704820624, 0.5: 0.8043050200243369, 0.51000000000000001: 0.79739580783362607, 0.52000000000000002: 0.7904228111646292, 0.53000000000000003: 0.78338957679200383, 0.54000000000000004: 0.77629965465788398, 0.55000000000000004: 0.76915659496986477, 0.56000000000000005: 0.76196394531871092, 0.56999999999999995: 0.75472524781883277, 0.57999999999999996: 0.7474440362745588, 0.58999999999999997: 0.74012383337518373, 0.59999999999999998: 0.73276814792172151, 0.60999999999999999: 0.72538047208823575, 0.62: 0.71796427872059188, 0.63: 0.7105230186753777, 0.64000000000000001: 0.70306011820172343, 0.65000000000000002: 0.69557897636864685, 0.66000000000000003: 0.68808296254051593, 0.67000000000000004: 0.68057541390312604, 0.68000000000000005: 0.67305963304283389, 0.68999999999999995: 0.66553888558110463, 0.69999999999999996: 0.65801639786674759, 0.70999999999999996: 0.65049535472805187, 0.71999999999999997: 0.64297889728692215, 0.72999999999999998: 0.63547012083705867, 0.73999999999999999: 0.62797207278810985, 0.75: 0.62048775067766049, 0.76000000000000001: 0.6130201002527994, 0.77000000000000002: 0.60557201362294544, 0.78000000000000003: 0.59814632748548835, 0.79000000000000004: 0.5907458214257163, 0.80000000000000004: 0.58337321629240757, 0.81000000000000005: 0.57603117265034476, 0.81999999999999995: 0.56872228931092883, 0.82999999999999996: 0.56144910194195596, 0.83999999999999997: 0.55421408175751241, 0.84999999999999998: 0.54701963428885381, 0.85999999999999999: 0.53986809823701165, 0.87: 0.53276174440777824, 0.88: 0.52570277472960214, 0.89000000000000001: 0.51869332135483737, 0.90000000000000002: 0.51173544584466213, 0.91000000000000003: 0.50483113843789251, 0.92000000000000004: 0.49798231740380439, 0.93000000000000005: 0.49119082847897128, 0.93999999999999995: 0.48445844438801605, 0.94999999999999996: 0.4777868644480821, 0.95999999999999996: 0.47117771425670979, 0.96999999999999997: 0.46463254546271465, 0.97999999999999998: 0.45815283561955034, 0.98999999999999999: 0.45173998812054927, 1.0: 0.44539533221532462, 1.01: 0.43912012310652559, 1.02: 0.43291554212604039, 1.03: 0.42678269698964039, 1.04: 0.42072262212897854, 1.05: 0.41473627909975025, 1.0600000000000001: 0.40882455706474058, 1.0700000000000001: 0.40298827335040577, 1.0800000000000001: 0.39722817407552991, 1.0900000000000001: 0.39154493485043584, 1.1000000000000001: 0.38593916154514241, 1.1100000000000001: 0.38041139112477662, 1.1200000000000001: 0.3749620925504854, 1.1299999999999999: 0.36959166774401381, 1.1399999999999999: 0.3643004526140457, 1.1499999999999999: 0.35908871814234661, 1.1599999999999999: 0.35395667152766963, 1.1699999999999999: 0.34890445738534398, 1.1799999999999999: 0.3439321590003917, 1.1899999999999999: 0.33903979963197856, 1.2: 0.33422734386694375, 1.21: 0.32949469902011558, 1.22: 0.32484171657906891, 1.23: 0.32026819369094589, 1.24: 0.31577387468892099, 1.25: 0.31135845265586193, 1.26: 0.30702157102270267, 1.27: 0.30276282519902736, 1.28: 0.29858176423333277, 1.29: 0.294477892500423, 1.3: 0.29045067141337649, 1.3100000000000001: 0.28649952115750771, 1.3200000000000001: 0.28262382244374312, 1.3300000000000001: 0.27882291827882538, 1.3400000000000001: 0.27509611574975967, 1.3500000000000001: 0.2714426878199151, 1.3600000000000001: 0.26786187513420584, 1.3700000000000001: 0.2643528878307832, 1.3799999999999999: 0.26091490735668421, 1.3899999999999999: 0.25754708828490047, 1.3999999999999999: 0.25424856013034736, 1.4099999999999999: 0.25101842916224282, 1.4199999999999999: 0.24785578021042964, 1.4299999999999999: 0.24475967846320287, 1.4399999999999999: 0.24172917125424212, 1.45: 0.23876328983628325, 1.46: 0.23586105113920319, 1.47: 0.23302145951023528, 1.48: 0.2302435084340787, 1.49: 0.22752618223071341, 1.5: 0.22486845772878555, 1.51: 0.22226930591247798, 1.52: 0.21972769353984459, 1.53: 0.21724258473063779, 1.54: 0.21481294252172947, 1.55: 0.21243773038828154, 1.5600000000000001: 0.21011591372889465, 1.5700000000000001: 0.20784646131302797, 1.5800000000000001: 0.20562834668905705, 1.5900000000000001: 0.20346054955140541, 1.6000000000000001: 0.2013420570652627, 1.6100000000000001: 0.19927186514747652, 1.6200000000000001: 0.19724897970228186, 1.6299999999999999: 0.19527241781061433, 1.6399999999999999: 0.19334120887182663, 1.6499999999999999: 0.19145439569671865, 1.6599999999999999: 0.18961103555086284, 1.6699999999999999: 0.18781020114730052, 1.6799999999999999: 0.18605098158776051, 1.6899999999999999: 0.18433248325164187, 1.7: 0.18265383063208415, 1.71: 0.18101416711853685, 1.72: 0.179412655725325, 1.73: 0.17784847976579368, 1.74: 0.17632084347170091, 1.75: 0.17482897255761587, 1.76: 0.1733721147301629, 1.77: 0.17194954014204014, 1.78: 0.17056054179082519, 1.79: 0.16920443586266604, 1.8: 0.16788056202103882, 1.8100000000000001: 0.16658828364083758, 1.8200000000000001: 0.16532698798814321, 1.8300000000000001: 0.16409608634610179, 1.8400000000000001: 0.16289501408741835, 1.8500000000000001: 0.16172323069405625, 1.8600000000000001: 0.16058021972480652, 1.8700000000000001: 0.15946548873146743, 1.8799999999999999: 0.15837856912445172, 1.8899999999999999: 0.15731901598870707, 1.8999999999999999: 0.15628640785091147, 1.9099999999999999: 0.15528034639896957, 1.9199999999999999: 0.15430045615490598, 1.9299999999999999: 0.15334638410231571, 1.9399999999999999: 0.15241779926959323, 1.95: 0.15151439227022453, 1.96: 0.15063587480148327, 1.97: 0.14978197910292851, 1.98: 0.1489524573761532, 1.99: 0.14814708116728534, 2.0: 0.14736564071379352, 2.0099999999999998: 0.14660794425718648, 2.02: 0.14587381732325014, 2.0299999999999998: 0.14516310197149535, 2.04: 0.14447565601553358, 2.0499999999999998: 0.14381135221612823, 2.0600000000000001: 0.14317007744870397, 2.0699999999999998: 0.14255173184712042, 2.0800000000000001: 0.14195622792554746, 2.0899999999999999: 0.14138348968029654, 2.1000000000000001: 0.1408334516734874, 2.1099999999999999: 0.14030605810044039, 2.1200000000000001: 0.13980126184270278, 2.1299999999999999: 0.13931902350862593, 2.1400000000000001: 0.13885931046341593, 2.1499999999999999: 0.13842209585058879, 2.1600000000000001: 0.13800735760675742, 2.1699999999999999: 0.13761507747168089, 2.1800000000000002: 0.13724523999549879, 2.1899999999999999: 0.13689783154506521, 2.2000000000000002: 0.13657283931128936, 2.21: 0.13627025031937234, 2.2200000000000002: 0.13599005044381784, 2.23: 0.13573222343006877, 2.2400000000000002: 0.13549674992460647, 2.25: 0.13528360651532037, 2.2599999999999998: 0.13509276478392709, 2.27: 0.13492419037219217, 2.2799999999999998: 0.13477784206367088, 2.29: 0.13465367088265079, 2.2999999999999998: 0.13455161921193864, 2.3100000000000001: 0.13447161993109977, 2.3199999999999998: 0.13441359557670607, 2.3300000000000001: 0.13437745752611194, 2.3399999999999999: 0.13436310520622918, 2.3500000000000001: 0.13437042532871374, 2.3599999999999999: 0.13439929115294297, 2.3700000000000001: 0.13444956177809095, 2.3799999999999999: 0.13452108146556543, 2.3900000000000001: 0.13461367899301083, 2.3999999999999999: 0.13472716704102258, 2.4100000000000001: 0.13486134161365643, 2.4199999999999999: 0.13501598149375821, 2.4300000000000002: 0.13519084773407627, 2.4399999999999999: 0.13538568318505206, 2.4500000000000002: 0.13560021206012185, 2.46: 0.13583413953929496, 2.4700000000000002: 0.13608715141170827, 2.48: 0.13635891375778725, 2.4900000000000002: 0.13664907267157594, 2.5: 0.13695725402372724, 2.5099999999999998: 0.1372830632655794, 2.52: 0.13762608527466885, 2.5299999999999998: 0.13798588424196453, 2.54: 0.13836200360103215, 2.5499999999999998: 0.13875396599927362, 2.5600000000000001: 0.13916127331130815, 2.5699999999999998: 0.1395834066944987, 2.5800000000000001: 0.14001982668655169, 2.5899999999999999: 0.14046997334504949, 2.6000000000000001: 0.1409332664287099, 2.6099999999999999: 0.1414091056200906, 2.6200000000000001: 0.14189687078939492, 2.6299999999999999: 0.14239592229896697, 2.6400000000000001: 0.14290560134799374, 2.6499999999999999: 0.14342523035687177, 2.6600000000000001: 0.14395411339062938, 2.6699999999999999: 0.14449153662073258, 2.6800000000000002: 0.145036768824539, 2.6899999999999999: 0.14558906192161053, 2.7000000000000002: 0.14614765154602757, 2.71: 0.14671175765379779, 2.7200000000000002: 0.14728058516439296, 2.73: 0.14785332463539477, 2.7400000000000002: 0.14842915296917747, 2.75: 0.14900723415050804, 2.7599999999999998: 0.14958672001389045, 2.77: 0.15016675103944185, 2.7799999999999998: 0.15074645717603688, 2.79: 0.15132495869042228, 2.7999999999999998: 0.15190136704095453, 2.8100000000000001: 0.15247478577458815, 2.8199999999999998: 0.15304431144569214, 2.8300000000000001: 0.15360903455525443, 2.8399999999999999: 0.15416804050899255, 2.8500000000000001: 0.15472041059286687, 2.8599999999999999: 0.15526522296446285, 2.8700000000000001: 0.15580155365869253, 2.8799999999999999: 0.156328477606237, 2.8900000000000001: 0.15684506966313877, 2.8999999999999999: 0.15735040564993766, 2.9100000000000001: 0.1578435633987299, 2.9199999999999999: 0.15832362380651835, 2.9300000000000002: 0.15878967189322002, 2.9399999999999999: 0.1592407978626843, 2.9500000000000002: 0.15967609816508185, 2.96: 0.16009467655901671, 2.9700000000000002: 0.16049564517172482, 2.98: 0.16087812555571751, 2.9900000000000002: 0.16124124974025175, 3.0: 0.16158416127600297, 3.0099999999999998: 0.16190601627134377, 3.02: 0.16220598441863901, 3.0299999999999998: 0.16248325000898875, 3.04: 0.16273701293387421, 3.0499999999999998: 0.16296648967217883, 3.0600000000000001: 0.16317091426108871, 3.0699999999999998: 0.16334953924939982, 3.0800000000000001: 0.16350163663179235, 3.0899999999999999: 0.16362649876266239, 3.1000000000000001: 0.1637234392481384, 3.1099999999999999: 0.16379179381494482, 3.1200000000000001: 0.16383092115481243, 3.1299999999999999: 0.16384020374318062, 3.1400000000000001: 0.16381904863097102, 3.1499999999999999: 0.1637668882082654, 3.1600000000000001: 0.16368318093875953, 3.1699999999999999: 0.16356741206391504, 3.1800000000000002: 0.16341909427578133, 3.1899999999999999: 0.16323776835751053, 3.2000000000000002: 0.16302300379063464, 3.21: 0.16277439932823873, 3.2200000000000002: 0.16249158353320808, 3.23: 0.16217421528078657, 3.2400000000000002: 0.16182198422474595, 3.25: 0.16143461122651173, 3.2599999999999998: 0.16101184874666322, 3.27: 0.16055348119827298, 3.2799999999999998: 0.16005932526162292, 3.29: 0.15952923015988088, 3.2999999999999998: 0.15896307789539843, 3.3100000000000001: 0.15836078344633644, 3.3199999999999998: 0.15772229492340342, 3.3300000000000001: 0.15704759368653479, 3.3399999999999999: 0.15633669442142337, 3.3500000000000001: 0.15558964517585602, 3.3599999999999999: 0.15480652735588574, 3.3700000000000001: 0.15398745568192129, 3.3799999999999999: 0.15313257810488815, 3.3900000000000001: 0.15224207568266129, 3.3999999999999999: 0.15131616241704798, 3.4100000000000001: 0.1503550850516418, 3.4199999999999999: 0.14935912283094291, 3.4300000000000002: 0.14832858722118872, 3.4399999999999999: 0.14726382159339688, 3.4500000000000002: 0.14616520086918841, 3.46: 0.14503313113000071, 3.4700000000000002: 0.14386804919036772, 3.48: 0.14267042213598607, 3.4900000000000002: 0.14144074682734839, 3.5: 0.14017954936976687, 3.5099999999999998: 0.13888738455066515, 3.52: 0.1375648352450598, 3.5299999999999998: 0.13621251179020377, 3.54: 0.13483105133040063, 3.5499999999999998: 0.13342111713304919, 3.5600000000000001: 0.13198339787701238, 3.5699999999999998: 0.13051860691444839, 3.5800000000000001: 0.12902748150727067, 3.5899999999999999: 0.1275107820394519, 3.6000000000000001: 0.12596929120639902, 3.6099999999999999: 0.12440381318268716, 3.6200000000000001: 0.12281517276942915, 3.6299999999999999: 0.12120421452262836, 3.6400000000000001: 0.11957180186384593, 3.6499999999999999: 0.11791881617456529, 3.6600000000000001: 0.11624615587563761, 3.6699999999999999: 0.11455473549322316, 3.6800000000000002: 0.11284548471264402, 3.6899999999999999: 0.11111934742159121, 3.7000000000000002: 0.10937728074412914, 3.71: 0.10762025406695004, 3.7200000000000002: 0.10584924805934315, 3.73: 0.1040652536883362, 3.7400000000000002: 0.1022692712304771, 3.75: 0.10046230928171543, 3.7599999999999998: 0.098645383766843439, 3.77: 0.096819516949948101, 3.7799999999999998: 0.09498573644731792, 3.79: 0.093145074244236195, 3.7999999999999998: 0.091298565717080615, 3.8100000000000001: 0.089447248662131398, 3.8199999999999998: 0.087592162332476325, 3.8300000000000001: 0.085734346484373752, 3.8399999999999999: 0.083874840434424947, 3.8500000000000001: 0.082014682128863869, 3.8599999999999999: 0.080154907226268626, 3.8700000000000001: 0.078296548194950688, 3.8799999999999999: 0.07644063342625862, 3.8900000000000001: 0.07458818636499949, 3.8999999999999999: 0.072740224658140701, 3.9100000000000001: 0.070897759322927023, 3.9199999999999999: 0.069061793935504753, 3.9300000000000002: 0.067233323841105266, 3.9399999999999999: 0.065413335386800178, 3.9500000000000002: 0.063602805177801452, 3.96: 0.061802699358224272, 3.9700000000000002: 0.060013972917199163, 3.98: 0.058237569021162817, 3.9900000000000002: 0.056474418373108161, 4.0: 0.054725438599536394}","{'h_1h2_1h3_2h4_3h4_d4': array([ 0.44604755,  0.42389969,  0.41457999]), 'h_e_d4': array([ 0.53245045,  0.50519349,  0.49697622])}",[ 0.00811453  0.00771266  0.00721089],"[[[ 0.00941191  0.00538224]
  [ 0.00538224  0.01007384]]

 [[ 0.00818971  0.00318733]
  [ 0.00318733  0.00850387]]

 [[ 0.0074448   0.0020728 ]
  [ 0.0020728   0.00756144]]]","{0.0: 0.33420873163874287, 1.0: 0.38090861115438845, 2.0: 0.39735917169016366}","[[ 1.98790488+0.j  0.00000000+0.j  0.00000000+0.j  0.00000000+0.j
   0.00000000+0.j  0.00000000+0.j  0.00000000+0.j  0.00000000+0.j
   0.00000000+0.j  0.00000000+0.j  0.00000000+0.j  0.00000000+0.j
   0.00000000+0.j  0.00000000+0.j  0.00000000+0.j  0.00000000+0.j]
 [ 0.00000000+0.j  0.99395244+0.j  0.41457999+0.j  0.00000000+0.j
   0.41457999+0.j  0.00000000+0.j  0.00000000+0.j  0.00000000+0.j
   0.00000000+0.j  0.00000000+0.j  0.00000000+0.j  0.00000000+0.j
   0.00000000+0.j  0.00000000+0.j  0.00000000+0.j  0.00000000+0.j]
 [ 0.00000000+0.j  0.41457999+0.j  0.99395244+0.j  0.00000000+0.j
   0.00000000+0.j  0.00000000+0.j  0.00000000+0.j  0.00000000+0.j
   0.41457999+0.j  0.00000000+0.j  0.00000000+0.j  0.00000000+0.j
   0.00000000+0.j  0.00000000+0.j  0.00000000+0.j  0.00000000+0.j]
 [ 0.00000000+0.j  0.00000000+0.j  0.00000000+0.j  0.00000000+0.j
   0.00000000+0.j  0.00000000+0.j  0.41457999+0.j  0.00000000+0.j
   0.00000000+0.j  0.41457999+0.j  0.00000000+0.j  0.00000000+0.j
   0.00000000+0.j  0.00000000+0.j  0.00000000+0.j  0.00000000+0.j]
 [ 0.00000000+0.j  0.41457999+0.j  0.00000000+0.j  0.00000000+0.j
   0.99395244+0.j  0.00000000+0.j  0.00000000+0.j  0.00000000+0.j
   0.41457999+0.j  0.00000000+0.j  0.00000000+0.j  0.00000000+0.j
   0.00000000+0.j  0.00000000+0.j  0.00000000+0.j  0.00000000+0.j]
 [ 0.00000000+0.j  0.00000000+0.j  0.00000000+0.j  0.00000000+0.j
   0.00000000+0.j  0.00000000+0.j  0.41457999+0.j  0.00000000+0.j
   0.00000000+0.j  0.41457999+0.j  0.00000000+0.j  0.00000000+0.j
   0.00000000+0.j  0.00000000+0.j  0.00000000+0.j  0.00000000+0.j]
 [ 0.00000000+0.j  0.00000000+0.j  0.00000000+0.j  0.41457999+0.j
   0.00000000+0.j  0.41457999+0.j  0.00000000+0.j  0.00000000+0.j
   0.00000000+0.j  0.00000000+0.j  0.41457999+0.j  0.00000000+0.j
   0.41457999+0.j  0.00000000+0.j  0.00000000+0.j  0.00000000+0.j]
 [ 0.00000000+0.j  0.00000000+0.j  0.00000000+0.j  0.00000000+0.j
   0.00000000+0.j  0.00000000+0.j  0.00000000+0.j -0.99395244+0.j
   0.00000000+0.j  0.00000000+0.j  0.00000000+0.j  0.41457999+0.j
   0.00000000+0.j  0.41457999+0.j  0.00000000+0.j  0.00000000+0.j]
 [ 0.00000000+0.j  0.00000000+0.j  0.41457999+0.j  0.00000000+0.j
   0.41457999+0.j  0.00000000+0.j  0.00000000+0.j  0.00000000+0.j
   0.99395244+0.j  0.00000000+0.j  0.00000000+0.j  0.00000000+0.j
   0.00000000+0.j  0.00000000+0.j  0.00000000+0.j  0.00000000+0.j]
 [ 0.00000000+0.j  0.00000000+0.j  0.00000000+0.j  0.41457999+0.j
   0.00000000+0.j  0.41457999+0.j  0.00000000+0.j  0.00000000+0.j
   0.00000000+0.j  0.00000000+0.j  0.41457999+0.j  0.00000000+0.j
   0.41457999+0.j  0.00000000+0.j  0.00000000+0.j  0.00000000+0.j]
 [ 0.00000000+0.j  0.00000000+0.j  0.00000000+0.j  0.00000000+0.j
   0.00000000+0.j  0.00000000+0.j  0.41457999+0.j  0.00000000+0.j
   0.00000000+0.j  0.41457999+0.j  0.00000000+0.j  0.00000000+0.j
   0.00000000+0.j  0.00000000+0.j  0.00000000+0.j  0.00000000+0.j]
 [ 0.00000000+0.j  0.00000000+0.j  0.00000000+0.j  0.00000000+0.j
   0.00000000+0.j  0.00000000+0.j  0.00000000+0.j  0.41457999+0.j
   0.00000000+0.j  0.00000000+0.j  0.00000000+0.j -0.99395244+0.j
   0.00000000+0.j  0.00000000+0.j  0.41457999+0.j  0.00000000+0.j]
 [ 0.00000000+0.j  0.00000000+0.j  0.00000000+0.j  0.00000000+0.j
   0.00000000+0.j  0.00000000+0.j  0.41457999+0.j  0.00000000+0.j
   0.00000000+0.j  0.41457999+0.j  0.00000000+0.j  0.00000000+0.j
   0.00000000+0.j  0.00000000+0.j  0.00000000+0.j  0.00000000+0.j]
 [ 0.00000000+0.j  0.00000000+0.j  0.00000000+0.j  0.00000000+0.j
   0.00000000+0.j  0.00000000+0.j  0.00000000+0.j  0.41457999+0.j
   0.00000000+0.j  0.00000000+0.j  0.00000000+0.j  0.00000000+0.j
   0.00000000+0.j -0.99395244+0.j  0.41457999+0.j  0.00000000+0.j]
 [ 0.00000000+0.j  0.00000000+0.j  0.00000000+0.j  0.00000000+0.j
   0.00000000+0.j  0.00000000+0.j  0.00000000+0.j  0.00000000+0.j
   0.00000000+0.j  0.00000000+0.j  0.00000000+0.j  0.41457999+0.j
   0.00000000+0.j  0.41457999+0.j -0.99395244+0.j  0.00000000+0.j]
 [ 0.00000000+0.j  0.00000000+0.j  0.00000000+0.j  0.00000000+0.j
   0.00000000+0.j  0.00000000+0.j  0.00000000+0.j  0.00000000+0.j
   0.00000000+0.j  0.00000000+0.j  0.00000000+0.j  0.00000000+0.j
   0.00000000+0.j  0.00000000+0.j  0.00000000+0.j -1.98790488+0.j]]",hubbard_square_lattice_generalised,"$H_{(1,2)(1,3)(2,4)(3,4)}\sigma_{z}^{\otimes4}$"
zTz,zTz,[[ 0.50302929  0.12002648]],$$,10,3,1,0.5,0.8,1.0,/panfs/panasas01/phys/bf16951/QMD/ParallelDevelopment/Results/Dec_20/14_01/logs/test_multiple_growth_rules_including_grouped_hubbard_233.qmd.7894539.log,config_p10_e3_b1_ra0.8_rt0.5_rp1.0,$P_{10}E_{3}B_{1}RT_{0.5}RA_{0.8}RP_{1.0}H_{40}$,78.26161003112793,233,0,1,0,0,2,1,{'zTz': 0.50302928643657441},{'zTz': 0.12002648386920065},"[0.31291312640881852, 0.29374881753847504, 0.32912893468857124]","{0.0: 0.99999999999999956, 0.01: 0.99997644245508444, 0.02: 0.99990577220470456, 0.029999999999999999: 0.99978799640171623, 0.040000000000000001: 0.99962312696674227, 0.050000000000000003: 0.99941118058696554, 0.059999999999999998: 0.99915217871443918, 0.070000000000000007: 0.99884614756391643, 0.080000000000000002: 0.99849311811019714, 0.089999999999999997: 0.99809312608499179, 0.10000000000000001: 0.99764621197330572, 0.11: 0.99715242100934198, 0.12: 0.99661180317192088, 0.13: 0.99602441317942392, 0.14000000000000001: 0.99539031048425319, 0.14999999999999999: 0.99470955926681748, 0.16: 0.99398222842903106, 0.17000000000000001: 0.99320839158734453, 0.17999999999999999: 0.992388127065291, 0.19: 0.99152151788556009, 0.20000000000000001: 0.99060865176159341, 0.20999999999999999: 0.98964962108870846, 0.22: 0.98864452293474592, 0.23000000000000001: 0.98759345903024309, 0.23999999999999999: 0.98649653575814156, 0.25: 0.98535386414301629, 0.26000000000000001: 0.98416555983983978, 0.27000000000000002: 0.98293174312227471, 0.28000000000000003: 0.98165253887050274, 0.28999999999999998: 0.98032807655858256, 0.29999999999999999: 0.97895849024134685, 0.31: 0.97754391854083256, 0.32000000000000001: 0.97608450463225194, 0.33000000000000002: 0.97458039622949977, 0.34000000000000002: 0.97303174557020355, 0.34999999999999998: 0.97143870940031452, 0.35999999999999999: 0.96980144895824183, 0.37: 0.96812012995853369, 0.38: 0.96639492257510595, 0.39000000000000001: 0.96462600142401544, 0.40000000000000002: 0.96281354554578669, 0.40999999999999998: 0.96095773838729315, 0.41999999999999998: 0.95905876778318688, 0.42999999999999999: 0.95711682593688818, 0.44: 0.95513210940113014, 0.45000000000000001: 0.95310481905806799, 0.46000000000000002: 0.95103516009894384, 0.46999999999999997: 0.94892334200331918, 0.47999999999999998: 0.94676957851787369, 0.48999999999999999: 0.94457408763476935, 0.5: 0.94233709156958767, 0.51000000000000001: 0.94005881673883651, 0.52000000000000002: 0.9377394937370358, 0.53000000000000003: 0.93537935731337651, 0.54000000000000004: 0.93297864634796179, 0.55000000000000004: 0.93053760382762585, 0.56000000000000005: 0.92805647682134496, 0.56999999999999995: 0.92553551645522625, 0.57999999999999996: 0.92297497788709226, 0.58999999999999997: 0.92037512028065371, 0.59999999999999998: 0.91773620677928125, 0.60999999999999999: 0.91505850447936787, 0.62: 0.91234228440329779, 0.63: 0.90958782147201345, 0.64000000000000001: 0.9067953944771896, 0.65000000000000002: 0.90396528605301663, 0.66000000000000003: 0.90109778264759233, 0.67000000000000004: 0.89819317449393077, 0.68000000000000005: 0.89525175558058534, 0.68999999999999995: 0.89227382362189334, 0.69999999999999996: 0.88925968002784228, 0.70999999999999996: 0.88620962987356477, 0.71999999999999997: 0.88312398186845764, 0.72999999999999998: 0.88000304832493847, 0.73999999999999999: 0.87684714512683315, 0.75: 0.8736565916974055, 0.76000000000000001: 0.87043171096702654, 0.77000000000000002: 0.86717282934048767, 0.78000000000000003: 0.86388027666396672, 0.79000000000000004: 0.86055438619164015, 0.80000000000000004: 0.85719549455195365, 0.81000000000000005: 0.85380394171355112, 0.81999999999999995: 0.85038007095086354, 0.82999999999999996: 0.84692422880936691, 0.83999999999999997: 0.84343676507050425, 0.84999999999999998: 0.8399180327162834, 0.85999999999999999: 0.83636838789355206, 0.87: 0.83278818987794678, 0.88: 0.82917780103753325, 0.89000000000000001: 0.8255375867961261, 0.90000000000000002: 0.82186791559630445, 0.91000000000000003: 0.81816915886211983, 0.92000000000000004: 0.8144416909615011, 0.93000000000000005: 0.8106858891683667, 0.93999999999999995: 0.80690213362443508, 0.94999999999999996: 0.803090807300751, 0.95999999999999996: 0.79925229595892244, 0.96999999999999997: 0.79538698811207631, 0.97999999999999998: 0.79149527498553585, 0.98999999999999999: 0.787577550477222, 1.0: 0.78363421111778497, 1.01: 0.77966565603047122, 1.02: 0.77567228689072365, 1.03: 0.77165450788552914, 1.04: 0.76761272567250793, 1.05: 0.76354734933875279, 1.0600000000000001: 0.75945879035942443, 1.0700000000000001: 0.7553474625561043, 1.0800000000000001: 0.75121378205491107, 1.0900000000000001: 0.74705816724437824, 1.1000000000000001: 0.74288103873311306, 1.1100000000000001: 0.73868281930722091, 1.1200000000000001: 0.73446393388751297, 1.1299999999999999: 0.73022480948650192, 1.1399999999999999: 0.7259658751651773, 1.1499999999999999: 0.72168756198958028, 1.1599999999999999: 0.71739030298717554, 1.1699999999999999: 0.71307453310301983, 1.1799999999999999: 0.70874068915573896, 1.1899999999999999: 0.70438920979331909, 1.2: 0.70002053544870413, 1.21: 0.69563510829522113, 1.22: 0.69123337220182512, 1.23: 0.68681577268817318, 1.24: 0.6823827568795291, 1.25: 0.67793477346151176, 1.26: 0.67347227263467924, 1.27: 0.66899570606896175, 1.28: 0.6645055268579465, 1.29: 0.66000218947301914, 1.3: 0.65548614971736319, 1.3100000000000001: 0.65095786467982708, 1.3200000000000001: 0.64641779268865873, 1.3300000000000001: 0.64186639326511785, 1.3400000000000001: 0.63730412707696482, 1.3500000000000001: 0.63273145589183422, 1.3600000000000001: 0.62814884253049863, 1.3700000000000001: 0.62355675082002104, 1.3799999999999999: 0.61895564554681359, 1.3899999999999999: 0.6143459924095902, 1.3999999999999999: 0.60972825797223429, 1.4099999999999999: 0.60510290961657265, 1.4199999999999999: 0.60047041549507252, 1.4299999999999999: 0.59583124448345637, 1.4399999999999999: 0.59118586613324386, 1.45: 0.58653475062422911, 1.46: 0.58187836871688869, 1.47: 0.57721719170473629, 1.48: 0.57255169136661943, 1.49: 0.56788233991896853, 1.5: 0.56320960996800318, 1.51: 0.55853397446189579, 1.52: 0.55385590664290374, 1.53: 0.54917587999946982, 1.54: 0.544494368218298, 1.55: 0.5398118451364099, 1.5600000000000001: 0.53512878469318537, 1.5700000000000001: 0.5304456608823932, 1.5800000000000001: 0.52576294770421605, 1.5900000000000001: 0.52108111911727406, 1.6000000000000001: 0.51640064899065452, 1.6100000000000001: 0.51172201105594783, 1.6200000000000001: 0.50704567885930119, 1.6299999999999999: 0.50237212571348711, 1.6399999999999999: 0.49770182464999718, 1.6499999999999999: 0.49303524837116575, 1.6599999999999999: 0.4883728692023242, 1.6699999999999999: 0.48371515904399642, 1.6799999999999999: 0.47906258932413337, 1.6899999999999999: 0.47441563095039968, 1.7: 0.46977475426251031, 1.71: 0.46514042898462438, 1.72: 0.4605131241778041, 1.73: 0.45589330819253754, 1.74: 0.45128144862133518, 1.75: 0.4466780122514028, 1.76: 0.44208346501739548, 1.77: 0.43749827195425983, 1.78: 0.4329228971501628, 1.79: 0.42835780369952214, 1.8: 0.42380345365613231, 1.8100000000000001: 0.41926030798639929, 1.8200000000000001: 0.4147288265226835, 1.8300000000000001: 0.4102094679167585, 1.8400000000000001: 0.4057026895933879, 1.8500000000000001: 0.40120894770402854, 1.8600000000000001: 0.39672869708066044, 1.8700000000000001: 0.39226239118975131, 1.8799999999999999: 0.38781048208635938, 1.8899999999999999: 0.38337342036837885, 1.8999999999999999: 0.37895165513093287, 1.9099999999999999: 0.37454563392091761, 1.9199999999999999: 0.37015580269170645, 1.9299999999999999: 0.36578260575801058, 1.9399999999999999: 0.36142648575090841, 1.95: 0.35708788357304549, 1.96: 0.35276723835400864, 1.97: 0.34846498740588011, 1.98: 0.34418156617897339, 1.99: 0.33991740821776117, 2.0: 0.33567294511699375, 2.0099999999999998: 0.33144860647801544, 2.02: 0.32724481986528242, 2.0299999999999998: 0.32306201076308733, 2.04: 0.31890060253249358, 2.0499999999999998: 0.31476101636848564, 2.0600000000000001: 0.31064367125733766, 2.0699999999999998: 0.3065489839342061, 2.0800000000000001: 0.30247736884095011, 2.0899999999999999: 0.29842923808418359, 2.1000000000000001: 0.2944050013935644, 2.1099999999999999: 0.29040506608032451, 2.1200000000000001: 0.28642983699604152, 2.1299999999999999: 0.28247971649166603, 2.1400000000000001: 0.27855510437679309, 2.1499999999999999: 0.27465639787920021, 2.1600000000000001: 0.27078399160463817, 2.1699999999999999: 0.26693827749689447, 2.1800000000000002: 0.26311964479812011, 2.1899999999999999: 0.25932848000943542, 2.2000000000000002: 0.25556516685180752, 2.21: 0.25183008622721509, 2.2200000000000002: 0.24812361618009354, 2.23: 0.24444613185907199, 2.2400000000000002: 0.24079800547900332, 2.25: 0.23717960628328974, 2.2599999999999998: 0.23359130050651092, 2.27: 0.23003345133735412, 2.2799999999999998: 0.22650641888185707, 2.29: 0.2230105601269568, 2.2999999999999998: 0.21954622890435971, 2.3100000000000001: 0.21611377585472691, 2.3199999999999998: 0.21271354839218612, 2.3300000000000001: 0.20934589066916676, 2.3399999999999999: 0.20601114354156763, 2.3500000000000001: 0.20270964453425683, 2.3599999999999999: 0.19944172780690966, 2.3700000000000001: 0.19620772412018664, 2.3799999999999999: 0.19300796080225557, 2.3900000000000001: 0.18984276171566195, 2.3999999999999999: 0.18671244722454811, 2.4100000000000001: 0.1836173341622287, 2.4199999999999999: 0.18055773579912268, 2.4300000000000002: 0.17753396181104419, 2.4399999999999999: 0.17454631824786163, 2.4500000000000002: 0.17159510750251775, 2.46: 0.16868062828042607, 2.4700000000000002: 0.16580317556923502, 2.48: 0.16296304060897338, 2.4900000000000002: 0.16016051086256983, 2.5: 0.15739586998676008, 2.5099999999999998: 0.15466939780337535, 2.52: 0.1519813702710196, 2.5299999999999998: 0.14933205945714087, 2.54: 0.14672173351049142, 2.5499999999999998: 0.14415065663398938, 2.5600000000000001: 0.14161908905797588, 2.5699999999999998: 0.13912728701387758, 2.5800000000000001: 0.13667550270827036, 2.5899999999999999: 0.13426398429735462, 2.6000000000000001: 0.13189297586183599, 2.6099999999999999: 0.12956271738222283, 2.6200000000000001: 0.12727344471453525, 2.6299999999999999: 0.12502538956643369, 2.6400000000000001: 0.12281877947376697, 2.6499999999999999: 0.12065383777754157, 2.6600000000000001: 0.11853078360131727, 2.6699999999999999: 0.1164498318290276, 2.6800000000000002: 0.11441119308323139, 2.6899999999999999: 0.11241507370379412, 2.7000000000000002: 0.11046167572700352, 2.71: 0.10855119686512085, 2.7200000000000002: 0.10668383048636874, 2.73: 0.10485976559536082, 2.7400000000000002: 0.10307918681396988, 2.75: 0.10134227436264354, 2.7599999999999998: 0.099649204042161599, 2.77: 0.098000147215843283, 2.7799999999999998: 0.096395270792202795, 2.79: 0.094834737208055367, 2.7999999999999998: 0.093318704412076667, 2.8100000000000001: 0.091847325848815692, 2.8199999999999998: 0.090420750443164763, 2.8300000000000001: 0.089039122585284791, 2.8399999999999999: 0.087702582115992467, 2.8500000000000001: 0.08641126431260486, 2.8599999999999999: 0.085165299875248818, 2.8700000000000001: 0.083964814913630725, 2.8799999999999999: 0.082809930934273995, 2.8900000000000001: 0.081700764828219044, 2.8999999999999999: 0.080637428859194088, 2.9100000000000001: 0.079620030652250831, 2.9199999999999999: 0.078648673182872095, 2.9300000000000002: 0.077723454766549127, 2.9399999999999999: 0.076844469048830522, 2.9500000000000002: 0.076011804995843771, 2.96: 0.075225546885290984, 2.9700000000000002: 0.074485774297918445, 2.98: 0.073792562109461876, 2.9900000000000002: 0.073145980483068307, 3.0: 0.072546094862194141, 3.0099999999999998: 0.071992965963981248, 3.02: 0.071486649773112143, 3.0299999999999998: 0.071027197536142728, 3.04: 0.070614655756316064, 3.0499999999999998: 0.070249066188854889, 3.0600000000000001: 0.069930465836736247, 3.0699999999999998: 0.069658886946945248, 3.0800000000000001: 0.069434357007212164, 3.0899999999999999: 0.06925689874322967, 3.1000000000000001: 0.069126530116352697, 3.1099999999999999: 0.069043264321780831, 3.1200000000000001: 0.069007109787222451, 3.1299999999999999: 0.069018070172041743, 3.1400000000000001: 0.069076144366888595, 3.1499999999999999: 0.069181326493810522, 3.1600000000000001: 0.069333605906847839, 3.1699999999999999: 0.069532967193111209, 3.1800000000000002: 0.069779390174341274, 3.1899999999999999: 0.070072849908951421, 3.2000000000000002: 0.070413316694552308, 3.21: 0.070800756070957621, 3.2200000000000002: 0.071235128823672347, 3.23: 0.071716390987861867, 3.2400000000000002: 0.072244493852801739, 3.25: 0.072819383966807816, 3.2599999999999998: 0.073441003142646663, 3.27: 0.074109288463424614, 3.2799999999999998: 0.074824172288955951, 3.29: 0.075585582262609211, 3.2999999999999998: 0.076393441318630656, 3.3100000000000001: 0.077247667689944455, 3.3199999999999998: 0.078148174916428517, 3.3300000000000001: 0.079094871853665968, 3.3399999999999999: 0.080087662682169825, 3.3500000000000001: 0.081126446917081305, 3.3599999999999999: 0.082211119418341055, 3.3700000000000001: 0.08334157040132982, 3.3799999999999999: 0.084517685447980953, 3.3900000000000001: 0.085739345518361085, 3.3999999999999999: 0.087006426962718625, 3.4100000000000001: 0.088318801533998861, 3.4199999999999999: 0.089676336400824105, 3.4300000000000002: 0.091078894160939103, 3.4399999999999999: 0.092526332855117174, 3.4500000000000002: 0.094018505981529055, 3.46: 0.095555262510570754, 3.4700000000000002: 0.097136446900150386, 3.48: 0.098761899111430435, 3.4900000000000002: 0.10043145462502713, 3.5: 0.10214494445766123, 3.5099999999999998: 0.10390219517926209, 3.52: 0.1057030289305213, 3.5299999999999998: 0.10754726344089433, 3.54: 0.10943471204704938, 3.5499999999999998: 0.11136518371175984, 3.5600000000000001: 0.11333848304324082, 3.5699999999999998: 0.11535441031492476, 3.5800000000000001: 0.11741276148567763, 3.5899999999999999: 0.11951332822044969, 3.6000000000000001: 0.12165589791136339, 3.6099999999999999: 0.12384025369923092, 3.6200000000000001: 0.12606617449550475, 3.6299999999999999: 0.12833343500465419, 3.6400000000000001: 0.13064180574696935, 3.6499999999999999: 0.13299105308178671, 3.6600000000000001: 0.13538093923113803, 3.6699999999999999: 0.13781122230381637, 3.6800000000000002: 0.14028165631985923, 3.6899999999999999: 0.14279199123544487, 3.7000000000000002: 0.14534197296820126, 3.71: 0.14793134342292158, 3.7200000000000002: 0.1505598405176887, 3.73: 0.15322719821040026, 3.7400000000000002: 0.15593314652569762, 3.75: 0.15867741158228926, 3.7599999999999998: 0.1614597156206736, 3.77: 0.1642797770312506, 3.7799999999999998: 0.16713731038282606, 3.79: 0.17003202645150034, 3.7999999999999998: 0.17296363224994285, 3.8100000000000001: 0.17593183105704638, 3.8199999999999998: 0.17893632244795873, 3.8300000000000001: 0.18197680232449204, 3.8399999999999999: 0.18505296294589946, 3.8500000000000001: 0.18816449296002552, 3.8599999999999999: 0.19131107743481687, 3.8700000000000001: 0.19449239789020104, 3.8799999999999999: 0.19770813233031748, 3.8900000000000001: 0.20095795527611257, 3.8999999999999999: 0.20424153779827842, 3.9100000000000001: 0.20755854755054923, 3.9199999999999999: 0.21090864880333623, 3.9300000000000002: 0.21429150247771117, 3.9399999999999999: 0.2177067661797239, 3.9500000000000002: 0.22115409423505955, 3.96: 0.22463313772402327, 3.9700000000000002: 0.22814354451685878, 3.98: 0.23168495930938693, 3.9900000000000002: 0.23525702365896892, 4.0: 0.23885937602078494}","{'zTz': array([ 0.48664428,  0.46653869,  0.50302929])}",[ 0.01295686  0.01440636  0.00746658],"[[[ 0.01295686]]

 [[ 0.01440636]]

 [[ 0.00746658]]]","{0.0: 0.94806702490134631, 1.0: 0.96304667791850018, 2.0: 0.93029852448212225}","[[ 0.50302929+0.j  0.00000000+0.j  0.00000000+0.j  0.00000000+0.j]
 [ 0.00000000+0.j -0.50302929+0.j  0.00000000+0.j  0.00000000+0.j]
 [ 0.00000000+0.j  0.00000000+0.j -0.50302929+0.j  0.00000000+0.j]
 [ 0.00000000+0.j  0.00000000+0.j  0.00000000+0.j  0.50302929+0.j]]",non_interacting_ising,$\sigma^{zz}_{12}$
zTzTTy,zTzTTy,[[ 0.44799381  0.06001395]],$$,10,3,1,0.5,0.8,1.0,/panfs/panasas01/phys/bf16951/QMD/ParallelDevelopment/Results/Dec_20/14_01/logs/test_multiple_growth_rules_including_grouped_hubbard_235.qmd.7894541.log,config_p10_e3_b1_ra0.8_rt0.5_rp1.0,$P_{10}E_{3}B_{1}RT_{0.5}RA_{0.8}RP_{1.0}H_{40}$,68.2870545387268,235,0,1,0,0,3,1,{'zTzTTy': 0.44799380670088962},{'zTzTTy': 0.060013951865582796},"[0.34033124269767151, 0.30886682475342259, 0.27678892251803605]","{0.0: 0.99999999999999978, 0.01: 0.99998107788875989, 0.02: 0.99992431307408758, 0.029999999999999999: 0.99982971011299526, 0.040000000000000001: 0.99969727660009933, 0.050000000000000003: 0.99952702316700948, 0.059999999999999998: 0.99931896348147442, 0.070000000000000007: 0.99907311424628409, 0.080000000000000002: 0.99878949519793137, 0.089999999999999997: 0.99846812910502603, 0.10000000000000001: 0.99810904176646476, 0.11: 0.99771226200936536, 0.12: 0.99727782168674672, 0.13: 0.99680575567497542, 0.14000000000000001: 0.99629610187096529, 0.14999999999999999: 0.99574890118913373, 0.16: 0.99516419755811913, 0.17000000000000001: 0.99454203791725249, 0.17999999999999999: 0.99388247221278947, 0.19: 0.99318555339390269, 0.20000000000000001: 0.99245133740842795, 0.20999999999999999: 0.99167988319837641, 0.22: 0.99087125269519882, 0.23000000000000001: 0.99002551081481682, 0.23999999999999999: 0.98914272545240989, 0.25: 0.98822296747696681, 0.26000000000000001: 0.98726631072559268, 0.27000000000000002: 0.98627283199758564, 0.28000000000000003: 0.98524261104826905, 0.28999999999999998: 0.98417573058258878, 0.29999999999999999: 0.98307227624847382, 0.31: 0.98193233662996293, 0.32000000000000001: 0.98075600324008905, 0.33000000000000002: 0.97954337051353668, 0.34000000000000002: 0.97829453579905801, 0.34999999999999998: 0.97700959935165976, 0.35999999999999999: 0.97568866432455292, 0.37: 0.97433183676087487, 0.38: 0.9729392255851711, 0.39000000000000001: 0.97151094259465787, 0.40000000000000002: 0.97004710245023995, 0.40999999999999998: 0.96854782266731099, 0.41999999999999998: 0.96701322360631892, 0.42999999999999999: 0.96544342846310027, 0.44: 0.96383856325899309, 0.45000000000000001: 0.96219875683072076, 0.46000000000000002: 0.960524140820045, 0.46999999999999997: 0.95881484966320374, 0.47999999999999998: 0.95707102058011262, 0.48999999999999999: 0.9552927935633535, 0.5: 0.95348031136693434, 0.51000000000000001: 0.95163371949482989, 0.52000000000000002: 0.94975316618929939, 0.53000000000000003: 0.94783880241898666, 0.54000000000000004: 0.94589078186680076, 0.55000000000000004: 0.94390926091757898, 0.56000000000000005: 0.94189439864552971, 0.56999999999999995: 0.93984635680146678, 0.57999999999999996: 0.93776529979982015, 0.58999999999999997: 0.93565139470543846, 0.59999999999999998: 0.93350481122017714, 0.60999999999999999: 0.93132572166927563, 0.62: 0.9291143009875229, 0.63: 0.92687072670521298, 0.64000000000000001: 0.92459517893389431, 0.65000000000000002: 0.92228784035190892, 0.66000000000000003: 0.91994889618973019, 0.67000000000000004: 0.91757853421508961, 0.68000000000000005: 0.91517694471790401, 0.68999999999999995: 0.91274432049500187, 0.69999999999999996: 0.91028085683463988, 0.70999999999999996: 0.90778675150083243, 0.71999999999999997: 0.90526220471747032, 0.72999999999999998: 0.9027074191522495, 0.73999999999999999: 0.90012259990039944, 0.75: 0.89750795446822029, 0.76000000000000001: 0.8948636927564223, 0.77000000000000002: 0.89219002704327721, 0.78000000000000003: 0.88948717196757632, 0.79000000000000004: 0.88675534451139781, 0.80000000000000004: 0.88399476398269039, 0.81000000000000005: 0.8812056519976651, 0.81999999999999995: 0.87838823246300701, 0.82999999999999996: 0.87554273155789653, 0.83999999999999997: 0.87266937771585495, 0.84999999999999998: 0.86976840160640456, 0.85999999999999999: 0.86684003611655303, 0.87: 0.86388451633209296, 0.88: 0.86090207951873532, 0.89000000000000001: 0.85789296510305746, 0.90000000000000002: 0.85485741465328302, 0.91000000000000003: 0.85179567185989125, 0.92000000000000004: 0.84870798251605262, 0.93000000000000005: 0.84559459449789531, 0.93999999999999995: 0.84245575774460835, 0.94999999999999996: 0.83929172423837572, 0.95999999999999996: 0.83610274798414674, 0.96999999999999997: 0.83288908498924696, 0.97999999999999998: 0.8296509932428241, 0.98999999999999999: 0.82638873269513802, 1.0: 0.82310256523669134, 1.01: 0.81979275467720758, 1.02: 0.81645956672444897, 1.03: 0.81310326896288898, 1.04: 0.8097241308322296, 1.05: 0.80632242360577122, 1.0600000000000001: 0.80289842036863579, 1.0700000000000001: 0.7994523959958415, 1.0800000000000001: 0.79598462713023976, 1.0900000000000001: 0.79249539216030274, 1.1000000000000001: 0.78898497119777911, 1.1100000000000001: 0.7854536460552024, 1.1200000000000001: 0.78190170022327021, 1.1299999999999999: 0.77832941884808549, 1.1399999999999999: 0.77473708870826452, 1.1499999999999999: 0.7711249981919166, 1.1599999999999999: 0.76749343727348884, 1.1699999999999999: 0.76384269749049216, 1.1799999999999999: 0.76017307192009231, 1.1899999999999999: 0.75648485515558628, 1.2: 0.75277834328274973, 1.21: 0.74905383385606783, 1.22: 0.74531162587484912, 1.23: 0.74155201975922191, 1.24: 0.73777531732601664, 1.25: 0.73398182176453497, 1.26: 0.73017183761221349, 1.27: 0.72634567073017253, 1.28: 0.72250362827866366, 1.29: 0.71864601869241063, 1.3: 0.71477315165584832, 1.3100000000000001: 0.71088533807826371, 1.3200000000000001: 0.70698289006883275, 1.3300000000000001: 0.70306612091156773, 1.3400000000000001: 0.69913534504016583, 1.3500000000000001: 0.6951908780127678, 1.3600000000000001: 0.69123303648662349, 1.3700000000000001: 0.68726213819267201, 1.3799999999999999: 0.68327850191003692, 1.3899999999999999: 0.67928244744042887, 1.3999999999999999: 0.67527429558247931, 1.4099999999999999: 0.67125436810598293, 1.4199999999999999: 0.66722298772606814, 1.4299999999999999: 0.66318047807728775, 1.4399999999999999: 0.65912716368764079, 1.45: 0.65506336995251746, 1.46: 0.65098942310857866, 1.47: 0.6469056502075643, 1.48: 0.64281237909003908, 1.49: 0.63870993835907375, 1.5: 0.63459865735386434, 1.51: 0.63047886612329473, 1.52: 0.62635089539943944, 1.53: 0.6222150765710126, 1.54: 0.61807174165676659, 1.55: 0.61392122327883547, 1.5600000000000001: 0.60976385463603255, 1.5700000000000001: 0.60559996947710526, 1.5800000000000001: 0.60142990207393643, 1.5900000000000001: 0.5972539871947139, 1.6000000000000001: 0.59307256007705422, 1.6100000000000001: 0.58888595640108909, 1.6200000000000001: 0.58469451226251834, 1.6299999999999999: 0.58049856414563039, 1.6399999999999999: 0.57629844889628579, 1.6499999999999999: 0.57209450369487791, 1.6599999999999999: 0.56788706602926564, 1.6699999999999999: 0.56367647366767759, 1.6799999999999999: 0.5594630646315979, 1.6899999999999999: 0.55524717716862981, 1.7: 0.55102914972534311, 1.71: 0.54680932092010115, 1.72: 0.54258802951587937, 1.73: 0.53836561439306929, 1.74: 0.53414241452227251, 1.75: 0.52991876893708934, 1.76: 0.52569501670690166, 1.77: 0.521471496909653, 1.78: 0.51724854860462743, 1.79: 0.51302651080523032, 1.8: 0.50880572245177103, 1.8100000000000001: 0.50458652238425794, 1.8200000000000001: 0.50036924931519167, 1.8300000000000001: 0.49615424180237538, 1.8400000000000001: 0.49194183822173676, 1.8500000000000001: 0.48773237674016262, 1.8600000000000001: 0.48352619528835195, 1.8700000000000001: 0.47932363153368623, 1.8799999999999999: 0.47512502285312197, 1.8899999999999999: 0.47093070630610795, 1.8999999999999999: 0.46674101860752404, 1.9099999999999999: 0.4625562961006533, 1.9199999999999999: 0.45837687473017763, 1.9299999999999999: 0.45420309001521031, 1.9399999999999999: 0.45003527702236001, 1.95: 0.44587377033883313, 1.96: 0.44171890404557235, 1.97: 0.43757101169043794, 1.98: 0.43343042626142969, 1.99: 0.42929748015995645, 2.0: 0.42517250517415051, 2.0099999999999998: 0.42105583245223294, 2.02: 0.41694779247592734, 2.0299999999999998: 0.41284871503393122, 2.04: 0.40875892919543971, 2.0499999999999998: 0.40467876328372998, 2.0600000000000001: 0.40060854484980141, 2.0699999999999998: 0.39654860064608144, 2.0800000000000001: 0.39249925660019508, 2.0899999999999999: 0.38846083778879809, 2.1000000000000001: 0.38443366841148119, 2.1099999999999999: 0.38041807176474401, 2.1200000000000001: 0.37641437021603968, 2.1299999999999999: 0.37242288517789801, 2.1400000000000001: 0.36844393708212031, 2.1499999999999999: 0.36447784535405797, 2.1600000000000001: 0.36052492838696643, 2.1699999999999999: 0.35658550351644741, 2.1800000000000002: 0.35265988699497325, 2.1899999999999999: 0.34874839396649693, 2.2000000000000002: 0.3448513384411544, 2.21: 0.34096903327005573, 2.2200000000000002: 0.3371017901201685, 2.23: 0.3332499194493001, 2.2400000000000002: 0.32941373048117245, 2.25: 0.32559353118059803, 2.2599999999999998: 0.32178962822875817, 2.27: 0.31800232699858155, 2.2799999999999998: 0.3142319315302301, 2.29: 0.31047874450669039, 2.2999999999999998: 0.30674306722947609, 2.3100000000000001: 0.30302519959443741, 2.3199999999999998: 0.2993254400676873, 2.3300000000000001: 0.29564408566164085, 2.3399999999999999: 0.29198143191117215, 2.3500000000000001: 0.28833777284988704, 2.3599999999999999: 0.28471340098652032, 2.3700000000000001: 0.28110860728145298, 2.3799999999999999: 0.27752368112335379, 2.3900000000000001: 0.27395891030594771, 2.3999999999999999: 0.27041458100491295, 2.4100000000000001: 0.26689097775490539, 2.4199999999999999: 0.26338838342671889, 2.4300000000000002: 0.25990707920457401, 2.4399999999999999: 0.2564473445635469, 2.4500000000000002: 0.25300945724713231, 2.46: 0.24959369324494798, 2.4700000000000002: 0.24620032677057632, 2.48: 0.2428296302395529, 2.4900000000000002: 0.23948187424749612, 2.5: 0.23615732754838498, 2.5099999999999998: 0.23285625703298229, 2.52: 0.22957892770741087, 2.5299999999999998: 0.2263256026718784, 2.54: 0.22309654309955496, 2.5499999999999998: 0.21989200821560803, 2.5600000000000001: 0.21671225527639151, 2.5699999999999998: 0.21355753954879306, 2.5800000000000001: 0.21042811428974206, 2.5899999999999999: 0.20732423072587894, 2.6000000000000001: 0.20424613803338504, 2.6099999999999999: 0.20119408331798194, 2.6200000000000001: 0.19816831159509152, 2.6299999999999999: 0.19516906577016757, 2.6400000000000001: 0.19219658661919581, 2.6499999999999999: 0.18925111276936393, 2.6600000000000001: 0.1863328806799058, 2.6699999999999999: 0.18344212462311771, 2.6800000000000002: 0.18057907666555204, 2.6899999999999999: 0.17774396664938746, 2.7000000000000002: 0.17493702217397597, 2.71: 0.17215846857757378, 2.7200000000000002: 0.1694085289192494, 2.73: 0.1666874239609776, 2.7400000000000002: 0.16399537214991655, 2.75: 0.16133258960087243, 2.7599999999999998: 0.15869929007894767, 2.77: 0.15609568498238183, 2.7799999999999998: 0.15352198332558076, 2.79: 0.15097839172233585, 2.7999999999999998: 0.1484651143692392, 2.8100000000000001: 0.1459823530292895, 2.8199999999999998: 0.14353030701569527, 2.8300000000000001: 0.14110917317587368, 2.8399999999999999: 0.13871914587564946, 2.8500000000000001: 0.13636041698364937, 2.8599999999999999: 0.13403317585590038, 2.8700000000000001: 0.13173760932062814, 2.8799999999999999: 0.12947390166325926, 2.8900000000000001: 0.1272422346116254, 2.8999999999999999: 0.12504278732137644, 2.9100000000000001: 0.12287573636159656, 2.9199999999999999: 0.1207412557006301, 2.9300000000000002: 0.11863951669211534, 2.9399999999999999: 0.11657068806122918, 2.9500000000000002: 0.11453493589114044, 2.96: 0.11253242360967916, 2.9700000000000002: 0.11056331197621447, 2.98: 0.10862775906875086, 2.9900000000000002: 0.1067259202712366, 3.0: 0.10485794826109068, 3.0099999999999998: 0.10302399299694531, 3.02: 0.10122420170660745, 3.0299999999999998: 0.099458718875240368, 3.04: 0.09772768623376335, 3.0499999999999998: 0.096031242747474641, 3.0600000000000001: 0.09436952460489488, 3.0699999999999998: 0.092742665206834607, 3.0800000000000001: 0.091150795155684194, 3.0899999999999999: 0.089594042244930158, 3.1000000000000001: 0.088072531448895527, 3.1099999999999999: 0.086586384912706787, 3.1200000000000001: 0.085135721942488904, 3.1299999999999999: 0.083720658995787275, 3.1400000000000001: 0.082341309672218171, 3.1499999999999999: 0.080997784704349957, 3.1600000000000001: 0.07969019194881273, 3.1699999999999999: 0.078418636377640641, 3.1800000000000002: 0.077183220069843891, 3.1899999999999999: 0.075984042203214794, 3.2000000000000002: 0.07482119904636525, 3.21: 0.073694783950998932, 3.2200000000000002: 0.072604887344416391, 3.23: 0.071551596722257083, 3.2400000000000002: 0.07053499664147321, 3.25: 0.069555168713543614, 3.2599999999999998: 0.068612191597920966, 3.27: 0.067706140995717298, 3.2799999999999998: 0.066837089643626793, 3.29: 0.066005107308086938, 3.2999999999999998: 0.065210260779677079, 3.3100000000000001: 0.064452613867757191, 3.3199999999999998: 0.063732227395344995, 3.3300000000000001: 0.063049159194233151, 3.3399999999999999: 0.062403464100346667, 3.3500000000000001: 0.06179519394934091, 3.3599999999999999: 0.061224397572439984, 3.3700000000000001: 0.060691120792516623, 3.3799999999999999: 0.060195406420414051, 3.3900000000000001: 0.059737294251508609, 3.3999999999999999: 0.059316821062515207, 3.4100000000000001: 0.058934020608535212, 3.4199999999999999: 0.058588923620346157, 3.4300000000000002: 0.058281557801935169, 3.4399999999999999: 0.058011947828274568, 3.4500000000000002: 0.057780115343341189, 3.46: 0.057586078958378695, 3.4700000000000002: 0.057429854250403714, 3.48: 0.057311453760955068, 3.4900000000000002: 0.057230886995087049, 3.5: 0.057188160420606503, 3.5099999999999998: 0.057183277467553285, 3.52: 0.057216238527925352, 3.5299999999999998: 0.057287040955646774, 3.54: 0.057395679066780697, 3.5499999999999998: 0.057542144139985096, 3.5600000000000001: 0.057726424417213408, 3.5699999999999998: 0.05794850510465812, 3.5800000000000001: 0.058208368373938439, 3.5899999999999999: 0.058505993363531822, 3.6000000000000001: 0.058841356180448293, 3.6099999999999999: 0.059214429902148834, 3.6200000000000001: 0.059625184578706712, 3.6299999999999999: 0.060073587235211494, 3.6400000000000001: 0.060559601874416703, 3.6499999999999999: 0.061083189479629207, 3.6600000000000001: 0.06164430801784173, 3.6699999999999999: 0.062242912443107069, 3.6800000000000002: 0.062878954700154477, 3.6899999999999999: 0.063552383728247175, 3.7000000000000002: 0.064263145465281862, 3.71: 0.065011182852128313, 3.7200000000000002: 0.065796435837210565, 3.73: 0.066618841381327051, 3.7400000000000002: 0.067478333462712189, 3.75: 0.068374843082335879, 3.7599999999999998: 0.069308298269442695, 3.77: 0.070278624087330155, 3.7799999999999998: 0.071285742639363991, 3.79: 0.072329573075231718, 3.7999999999999998: 0.073410031597433409, 3.8100000000000001: 0.074527031468008778, 3.8199999999999998: 0.075680483015500011, 3.8300000000000001: 0.076870293642151449, 3.8399999999999999: 0.078096367831341967, 3.8500000000000001: 0.07935860715525421, 3.8599999999999999: 0.080656910282774955, 3.8700000000000001: 0.081991172987631242, 3.8799999999999999: 0.083361288156756308, 3.8900000000000001: 0.084767145798889248, 3.8999999999999999: 0.086208633053404773, 3.9100000000000001: 0.087685634199373516, 3.9199999999999999: 0.089198030664851921, 3.9300000000000002: 0.090745701036401172, 3.9399999999999999: 0.092328521068834143, 3.9500000000000002: 0.093946363695189467, 3.96: 0.095599099036932325, 3.9700000000000002: 0.097286594414381602, 3.98: 0.099008714357360098, 3.9900000000000002: 0.10076532061607092, 4.0: 0.10255627217219554}","{'zTzTTy': array([ 0.51404355,  0.48246902,  0.44799381])}",[ 0.00925258  0.00360167  0.00230745],"[[[ 0.00925258]]

 [[ 0.00360167]]

 [[ 0.00230745]]]","{0.0: 0.91518831565416892, 1.0: 0.95177201161734692, 2.0: 0.97054408058467878}","[[ 0.+0.j          0.-0.44799381j  0.+0.j          0.+0.j          0.+0.j
   0.+0.j          0.+0.j          0.+0.j        ]
 [ 0.+0.44799381j  0.+0.j          0.+0.j          0.+0.j          0.+0.j
   0.+0.j          0.+0.j          0.+0.j        ]
 [ 0.+0.j          0.+0.j          0.+0.j          0.+0.44799381j  0.+0.j
   0.+0.j          0.+0.j          0.+0.j        ]
 [ 0.+0.j          0.+0.j          0.-0.44799381j  0.+0.j          0.+0.j
   0.+0.j          0.+0.j          0.+0.j        ]
 [ 0.+0.j          0.+0.j          0.+0.j          0.+0.j          0.+0.j
   0.+0.44799381j  0.+0.j          0.+0.j        ]
 [ 0.+0.j          0.+0.j          0.+0.j          0.+0.j          0.-0.44799381j
   0.+0.j          0.+0.j          0.+0.j        ]
 [ 0.+0.j          0.+0.j          0.+0.j          0.+0.j          0.+0.j
   0.+0.j          0.+0.j          0.-0.44799381j]
 [ 0.+0.j          0.+0.j          0.+0.j          0.+0.j          0.+0.j
   0.+0.j          0.+0.44799381j  0.+0.j        ]]",non_interacting_ising,$\sigma^{zzy}_{123}$
