NameAlphabetical,NameNonAlph,FinalParams,LatexName,NumParticles,NumExperiments,NumBayesTimes,ResampleThreshold,ResamplerA,PHGPrefactor,LogFile,ParamConfiguration,ConfigLatex,Time,QID,CorrectModel,Underfit,Overfit,Misfit,NumQubits,NumParams,LearnedParameters
xTiPPxTxPPyTiPPyTyPPzTiPPzTz,zTiPPyTiPPxTiPPzTzPPxTxPPyTy,"[[ 0.29741777  0.39681714]
 [ 0.73410235  0.51550396]
 [ 0.51379626  0.50492165]
 [-3.4389017   0.20027942]
 [-2.36058124  0.47565676]
 [-2.12833273  0.44781167]]","$R_{x,y,z}HF_{x,y,z}$",1000,1000,999,0.5,0.8,0.1,/panfs/panasas01/phys/bf16951/QMD/ParallelDevelopment/Results/Sep_10/19_42/logs/qhl_test_12.qmd.7427351.log,config_p1000_e1000_b999_ra0.8_rt0.5_rp0.1,$P_{1000}E_{1000}B_{999}RT_{0.5}RA_{0.8}RP_{0.1}H_{1999000}$,14717.717556238174,12,1,0,0,0,2,6,"{'zTi': 0.29741777162544369, 'yTi': 0.73410235259991385, 'xTi': 0.51379625884679303, 'zTz': -3.438901704107697, 'xTx': -2.3605812384155289, 'yTy': -2.1283327333132624}"
xTiPPxTxPPyTiPPzTiPPzTz,zTiPPyTiPPxTiPPzTzPPxTx,"[[-0.30165398  0.32189362]
 [ 0.38070817  0.49170907]
 [ 0.59787453  0.43974726]
 [-3.0759831   0.18934375]
 [-1.99836809  0.55201033]]","$R_{x,y,z}HF_{x,z}$",1000,1000,999,0.5,0.8,0.1,/panfs/panasas01/phys/bf16951/QMD/ParallelDevelopment/Results/Sep_10/19_42/logs/qhl_test_28.qmd.7427367.log,config_p1000_e1000_b999_ra0.8_rt0.5_rp0.1,$P_{1000}E_{1000}B_{999}RT_{0.5}RA_{0.8}RP_{0.1}H_{1999000}$,14983.327459096909,28,0,1,0,0,2,5,"{'zTi': -0.30165397748629291, 'yTi': 0.38070817346218605, 'xTi': 0.59787453226385767, 'zTz': -3.0759831036585865, 'xTx': -1.9983680914964861}"
xTiPPxTxPPyTiPPyTyPPzTiPPzTz,zTiPPyTiPPxTiPPzTzPPyTyPPxTx,"[[ 0.26048143  0.4283027 ]
 [ 0.44105     0.47021208]
 [ 0.39538778  0.53851097]
 [-3.25207994  0.20946999]
 [-2.06299143  0.49573332]
 [-2.01819945  0.51138449]]","$R_{x,y,z}HF_{x,y,z}$",1000,1000,999,0.5,0.8,0.1,/panfs/panasas01/phys/bf16951/QMD/ParallelDevelopment/Results/Sep_10/19_42/logs/qhl_test_24.qmd.7427363.log,config_p1000_e1000_b999_ra0.8_rt0.5_rp0.1,$P_{1000}E_{1000}B_{999}RT_{0.5}RA_{0.8}RP_{0.1}H_{1999000}$,15193.463168382645,24,1,0,0,0,2,6,"{'zTi': 0.26048143341612878, 'yTi': 0.44105000051906029, 'xTi': 0.39538778132975333, 'zTz': -3.252079936168788, 'yTy': -2.0629914343671749, 'xTx': -2.0181994471230311}"
xTiPPxTxPPyTiPPyTyPPzTiPPzTz,zTiPPyTiPPxTiPPzTzPPyTyPPxTx,"[[-0.02029116  0.47812749]
 [ 0.83628827  0.4432401 ]
 [ 0.2397682   0.47141165]
 [-3.59840602  0.21679396]
 [-2.40751002  0.57723542]
 [-2.17367462  0.51697814]]","$R_{x,y,z}HF_{x,y,z}$",1000,1000,999,0.5,0.8,0.1,/panfs/panasas01/phys/bf16951/QMD/ParallelDevelopment/Results/Sep_10/19_42/logs/qhl_test_16.qmd.7427355.log,config_p1000_e1000_b999_ra0.8_rt0.5_rp0.1,$P_{1000}E_{1000}B_{999}RT_{0.5}RA_{0.8}RP_{0.1}H_{1999000}$,15589.32203912735,16,1,0,0,0,2,6,"{'zTi': -0.020291160552453058, 'yTi': 0.83628827304236852, 'xTi': 0.23976819680746769, 'zTz': -3.5984060151343593, 'yTy': -2.4075100171313504, 'xTx': -2.1736746184962605}"
xTiPPxTxPPyTiPPyTyPPzTiPPzTz,zTiPPyTiPPxTiPPzTzPPxTxPPyTy,"[[ 0.01026153  0.36762757]
 [ 0.76002457  0.46381825]
 [ 0.61189718  0.5388945 ]
 [-3.55625667  0.178712  ]
 [-2.30762839  0.47407288]
 [-2.42198161  0.48773261]]","$R_{x,y,z}HF_{x,y,z}$",1000,1000,999,0.5,0.8,0.1,/panfs/panasas01/phys/bf16951/QMD/ParallelDevelopment/Results/Sep_10/19_42/logs/qhl_test_23.qmd.7427362.log,config_p1000_e1000_b999_ra0.8_rt0.5_rp0.1,$P_{1000}E_{1000}B_{999}RT_{0.5}RA_{0.8}RP_{0.1}H_{1999000}$,15554.377172470093,23,1,0,0,0,2,6,"{'zTi': 0.010261530873441341, 'yTi': 0.760024573898892, 'xTi': 0.61189717738982197, 'zTz': -3.5562566659890873, 'xTx': -2.3076283907412583, 'yTy': -2.4219816112420252}"
xTiPPxTxPPyTiPPzTiPPzTz,zTiPPyTiPPxTiPPzTzPPxTx,"[[ 0.47691113  0.36188211]
 [ 0.603562    0.52171564]
 [ 0.39952679  0.4454573 ]
 [-2.99244108  0.19081509]
 [-1.81856382  0.45492394]]","$R_{x,y,z}HF_{x,z}$",1000,1000,999,0.5,0.8,0.1,/panfs/panasas01/phys/bf16951/QMD/ParallelDevelopment/Results/Sep_10/19_42/logs/qhl_test_38.qmd.7427377.log,config_p1000_e1000_b999_ra0.8_rt0.5_rp0.1,$P_{1000}E_{1000}B_{999}RT_{0.5}RA_{0.8}RP_{0.1}H_{1999000}$,15652.953276872635,38,0,1,0,0,2,5,"{'zTi': 0.47691112703274885, 'yTi': 0.60356200231261625, 'xTi': 0.39952678669074959, 'zTz': -2.9924410812140758, 'xTx': -1.8185638207366164}"
xTiPPyTiPPyTyPPzTiPPzTz,zTiPPyTiPPxTiPPzTzPPyTy,"[[ 0.25801432  0.35686296]
 [ 0.65157577  0.48091974]
 [ 0.44467207  0.52874082]
 [-3.11922147  0.17001741]
 [-1.89324838  0.4545516 ]]","$R_{x,y,z}HF_{y,z}$",1000,1000,999,0.5,0.8,0.1,/panfs/panasas01/phys/bf16951/QMD/ParallelDevelopment/Results/Sep_10/19_42/logs/qhl_test_20.qmd.7427359.log,config_p1000_e1000_b999_ra0.8_rt0.5_rp0.1,$P_{1000}E_{1000}B_{999}RT_{0.5}RA_{0.8}RP_{0.1}H_{1999000}$,16959.37686419487,20,0,1,0,0,2,5,"{'zTi': 0.25801431763621779, 'yTi': 0.65157576875130641, 'xTi': 0.44467206761155892, 'zTz': -3.1192214675394503, 'yTy': -1.8932483791617156}"
xTiPPxTxPPyTiPPyTyPPzTiPPzTz,zTiPPyTiPPxTiPPxTxPPzTzPPyTy,"[[ 0.2534107   0.45770674]
 [ 0.60708927  0.43845573]
 [ 0.73700816  0.49869292]
 [-1.89121726  0.43345956]
 [-3.51466785  0.25745825]
 [-2.07317673  0.39729188]]","$R_{x,y,z}HF_{x,y,z}$",1000,1000,999,0.5,0.8,0.1,/panfs/panasas01/phys/bf16951/QMD/ParallelDevelopment/Results/Sep_10/19_42/logs/qhl_test_36.qmd.7427375.log,config_p1000_e1000_b999_ra0.8_rt0.5_rp0.1,$P_{1000}E_{1000}B_{999}RT_{0.5}RA_{0.8}RP_{0.1}H_{1999000}$,16893.90283727646,36,1,0,0,0,2,6,"{'zTi': 0.25341069557177204, 'yTi': 0.60708927056470485, 'xTi': 0.73700816074076902, 'xTx': -1.8912172632977904, 'zTz': -3.5146678507007283, 'yTy': -2.0731767250874742}"
xTiPPxTxPPyTiPPyTyPPzTiPPzTz,zTiPPxTiPPyTiPPzTzPPxTxPPyTy,"[[  2.01640612e-01   4.49962951e-01]
 [ -2.92575501e-04   4.70827071e-01]
 [  3.03746982e-01   4.07753550e-01]
 [ -4.03259936e+00   2.33897008e-01]
 [ -1.96749925e+00   8.61171706e-01]
 [ -2.17209225e+00   4.85602792e-01]]","$R_{x,y,z}HF_{x,y,z}$",1000,1000,999,0.5,0.8,0.1,/panfs/panasas01/phys/bf16951/QMD/ParallelDevelopment/Results/Sep_10/19_42/logs/qhl_test_22.qmd.7427361.log,config_p1000_e1000_b999_ra0.8_rt0.5_rp0.1,$P_{1000}E_{1000}B_{999}RT_{0.5}RA_{0.8}RP_{0.1}H_{1999000}$,17744.958335399628,22,1,0,0,0,2,6,"{'zTi': 0.20164061235796332, 'xTi': -0.00029257550089021044, 'yTi': 0.30374698228534941, 'zTz': -4.0325993617052038, 'xTx': -1.9674992530319506, 'yTy': -2.1720922474187119}"
xTiPPyTiPPyTyPPzTiPPzTz,zTiPPyTiPPxTiPPzTzPPyTy,"[[ 0.19004368  0.33226756]
 [ 0.58409906  0.49967276]
 [ 0.75288141  0.64232447]
 [-3.26747087  0.17042011]
 [-2.03779543  0.56285926]]","$R_{x,y,z}HF_{y,z}$",1000,1000,999,0.5,0.8,0.1,/panfs/panasas01/phys/bf16951/QMD/ParallelDevelopment/Results/Sep_10/19_42/logs/qhl_test_49.qmd..log,config_p1000_e1000_b999_ra0.8_rt0.5_rp0.1,$P_{1000}E_{1000}B_{999}RT_{0.5}RA_{0.8}RP_{0.1}H_{1999000}$,15995.15210056305,49,0,1,0,0,2,5,"{'zTi': 0.19004368149814627, 'yTi': 0.58409906147337753, 'xTi': 0.75288141345212534, 'zTz': -3.2674708726663813, 'yTy': -2.0377954307589565}"
xTiPPxTxPPyTiPPyTyPPzTiPPzTz,zTiPPyTiPPxTiPPxTxPPzTzPPyTy,"[[ 0.07691095  0.4192587 ]
 [ 0.50377933  0.48862552]
 [ 0.47327059  0.5366826 ]
 [-1.97842057  0.43006201]
 [-3.57898706  0.22341478]
 [-2.04393266  0.42936064]]","$R_{x,y,z}HF_{x,y,z}$",1000,1000,999,0.5,0.8,0.1,/panfs/panasas01/phys/bf16951/QMD/ParallelDevelopment/Results/Sep_10/19_42/logs/qhl_test_42.qmd.7427381.log,config_p1000_e1000_b999_ra0.8_rt0.5_rp0.1,$P_{1000}E_{1000}B_{999}RT_{0.5}RA_{0.8}RP_{0.1}H_{1999000}$,17039.13286423683,42,1,0,0,0,2,6,"{'zTi': 0.076910947432098614, 'yTi': 0.50377933404258901, 'xTi': 0.47327058940470795, 'xTx': -1.9784205654148985, 'zTz': -3.5789870565524948, 'yTy': -2.0439326580921113}"
xTiPPxTxPPyTiPPyTyPPzTiPPzTz,zTiPPyTiPPxTiPPzTzPPyTyPPxTx,"[[ 0.35166383  0.4135879 ]
 [ 0.4115453   0.45972088]
 [ 0.55648195  0.40767424]
 [-3.62146383  0.2159739 ]
 [-1.93418149  0.44711545]
 [-2.08842939  0.39319878]]","$R_{x,y,z}HF_{x,y,z}$",1000,1000,999,0.5,0.8,0.1,/panfs/panasas01/phys/bf16951/QMD/ParallelDevelopment/Results/Sep_10/19_42/logs/qhl_test_37.qmd.7427376.log,config_p1000_e1000_b999_ra0.8_rt0.5_rp0.1,$P_{1000}E_{1000}B_{999}RT_{0.5}RA_{0.8}RP_{0.1}H_{1999000}$,17817.788812160492,37,1,0,0,0,2,6,"{'zTi': 0.35166383329133766, 'yTi': 0.41154530008276208, 'xTi': 0.55648195287474322, 'zTz': -3.621463829313484, 'yTy': -1.9341814852546313, 'xTx': -2.0884293868475283}"
xTiPPxTxPPyTiPPzTiPPzTz,zTiPPyTiPPxTiPPzTzPPxTx,"[[-0.26279292  0.32160886]
 [ 0.34219836  0.50198006]
 [ 0.50185966  0.52174828]
 [-3.0197314   0.18388832]
 [-2.14618913  0.49628596]]","$R_{x,y,z}HF_{x,z}$",1000,1000,999,0.5,0.8,0.1,/panfs/panasas01/phys/bf16951/QMD/ParallelDevelopment/Results/Sep_10/19_42/logs/qhl_test_48.qmd..log,config_p1000_e1000_b999_ra0.8_rt0.5_rp0.1,$P_{1000}E_{1000}B_{999}RT_{0.5}RA_{0.8}RP_{0.1}H_{1999000}$,16596.836503505707,48,0,1,0,0,2,5,"{'zTi': -0.2627929151606635, 'yTi': 0.34219836309258073, 'xTi': 0.501859662806178, 'zTz': -3.0197313983679708, 'xTx': -2.1461891280862897}"
xTiPPxTxPPyTiPPyTyPPzTiPPzTz,zTiPPyTiPPxTiPPxTxPPzTzPPyTy,"[[-0.3007541   0.36472131]
 [ 0.76738979  0.48283376]
 [ 0.69870828  0.55605085]
 [-2.22132938  0.43394451]
 [-3.76992174  0.22185627]
 [-1.99571715  0.47850805]]","$R_{x,y,z}HF_{x,y,z}$",1000,1000,999,0.5,0.8,0.1,/panfs/panasas01/phys/bf16951/QMD/ParallelDevelopment/Results/Sep_10/19_42/logs/qhl_test_53.qmd.7427392.log,config_p1000_e1000_b999_ra0.8_rt0.5_rp0.1,$P_{1000}E_{1000}B_{999}RT_{0.5}RA_{0.8}RP_{0.1}H_{1999000}$,16093.628543376923,53,1,0,0,0,2,6,"{'zTi': -0.30075410403405062, 'yTi': 0.76738978898152455, 'xTi': 0.6987082774511143, 'xTx': -2.2213293758081791, 'zTz': -3.769921741009286, 'yTy': -1.9957171532177453}"
xTiPPxTxPPyTiPPyTyPPzTiPPzTz,zTiPPyTiPPxTiPPzTzPPxTxPPyTy,"[[ 0.47904223  0.47917486]
 [ 0.65437332  0.52177847]
 [ 0.98848127  0.43066964]
 [-3.72642912  0.23946498]
 [-1.97670265  0.46335402]
 [-1.61827096  0.58586168]]","$R_{x,y,z}HF_{x,y,z}$",1000,1000,999,0.5,0.8,0.1,/panfs/panasas01/phys/bf16951/QMD/ParallelDevelopment/Results/Sep_10/19_42/logs/qhl_test_14.qmd.7427353.log,config_p1000_e1000_b999_ra0.8_rt0.5_rp0.1,$P_{1000}E_{1000}B_{999}RT_{0.5}RA_{0.8}RP_{0.1}H_{1999000}$,18862.911485910416,14,1,0,0,0,2,6,"{'zTi': 0.47904223013752323, 'yTi': 0.65437331836681478, 'xTi': 0.98848127328427859, 'zTz': -3.7264291212449625, 'xTx': -1.9767026538076653, 'yTy': -1.618270955845625}"
xTiPPxTxPPyTiPPzTiPPzTz,zTiPPxTiPPyTiPPzTzPPxTx,"[[ 0.07232097  0.30563436]
 [ 0.50735784  0.50759251]
 [ 0.47931814  0.44271166]
 [-3.27918065  0.14704791]
 [-2.34503749  0.51073567]]","$R_{x,y,z}HF_{x,z}$",1000,1000,999,0.5,0.8,0.1,/panfs/panasas01/phys/bf16951/QMD/ParallelDevelopment/Results/Sep_10/19_42/logs/qhl_test_52.qmd.7427391.log,config_p1000_e1000_b999_ra0.8_rt0.5_rp0.1,$P_{1000}E_{1000}B_{999}RT_{0.5}RA_{0.8}RP_{0.1}H_{1999000}$,16300.796885728836,52,0,1,0,0,2,5,"{'zTi': 0.072320972647220622, 'xTi': 0.50735784220494928, 'yTi': 0.47931813949193597, 'zTz': -3.2791806490504189, 'xTx': -2.3450374930455768}"
xTiPPxTxPPyTiPPzTiPPzTz,zTiPPyTiPPxTiPPzTzPPxTx,"[[ 0.48936694  0.39783396]
 [ 0.55789978  0.49704028]
 [ 0.46248406  0.51052038]
 [-3.21636756  0.13175207]
 [-2.10436547  0.40989506]]","$R_{x,y,z}HF_{x,z}$",1000,1000,999,0.5,0.8,0.1,/panfs/panasas01/phys/bf16951/QMD/ParallelDevelopment/Results/Sep_10/19_42/logs/qhl_test_40.qmd.7427379.log,config_p1000_e1000_b999_ra0.8_rt0.5_rp0.1,$P_{1000}E_{1000}B_{999}RT_{0.5}RA_{0.8}RP_{0.1}H_{1999000}$,18361.299156188965,40,0,1,0,0,2,5,"{'zTi': 0.48936693811107362, 'yTi': 0.55789978038310462, 'xTi': 0.46248406310057943, 'zTz': -3.2163675631650692, 'xTx': -2.1043654711972004}"
xTiPPxTxPPyTiPPyTyPPzTiPPzTz,zTiPPyTiPPxTiPPzTzPPxTxPPyTy,"[[ 0.41981921  0.40266658]
 [ 0.42697777  0.47774635]
 [ 0.50811456  0.50219158]
 [-3.62619082  0.23354751]
 [-1.89480357  0.44885289]
 [-1.98965753  0.52616806]]","$R_{x,y,z}HF_{x,y,z}$",1000,1000,999,0.5,0.8,0.1,/panfs/panasas01/phys/bf16951/QMD/ParallelDevelopment/Results/Sep_10/19_42/logs/qhl_test_55.qmd.7427394.log,config_p1000_e1000_b999_ra0.8_rt0.5_rp0.1,$P_{1000}E_{1000}B_{999}RT_{0.5}RA_{0.8}RP_{0.1}H_{1999000}$,16485.017385482788,55,1,0,0,0,2,6,"{'zTi': 0.41981921107699499, 'yTi': 0.42697776928268588, 'xTi': 0.50811456259643473, 'zTz': -3.6261908190613172, 'xTx': -1.8948035655728919, 'yTy': -1.9896575305768383}"
xTiPPxTxPPyTiPPyTyPPzTiPPzTz,zTiPPyTiPPxTiPPzTzPPxTxPPyTy,"[[-0.06900963  0.35888518]
 [ 0.48721088  0.48014415]
 [ 0.50472754  0.58370609]
 [-3.4886499   0.19968816]
 [-2.16583899  0.48525043]
 [-1.95049445  0.46271694]]","$R_{x,y,z}HF_{x,y,z}$",1000,1000,999,0.5,0.8,0.1,/panfs/panasas01/phys/bf16951/QMD/ParallelDevelopment/Results/Sep_10/19_42/logs/qhl_test_47.qmd.7427386.log,config_p1000_e1000_b999_ra0.8_rt0.5_rp0.1,$P_{1000}E_{1000}B_{999}RT_{0.5}RA_{0.8}RP_{0.1}H_{1999000}$,17528.77521967888,47,1,0,0,0,2,6,"{'zTi': -0.069009625707405486, 'yTi': 0.48721088488933245, 'xTi': 0.50472754240368634, 'zTz': -3.4886499000855649, 'xTx': -2.1658389864422438, 'yTy': -1.9504944457120315}"
xTiPPxTxPPyTiPPyTyPPzTiPPzTz,zTiPPyTiPPxTiPPxTxPPzTzPPyTy,"[[ 0.23617437  0.33563348]
 [ 0.5466847   0.4947886 ]
 [ 0.15589279  0.56349246]
 [-2.12747454  0.41069572]
 [-3.55799473  0.18045881]
 [-2.13870798  0.52004071]]","$R_{x,y,z}HF_{x,y,z}$",1000,1000,999,0.5,0.8,0.1,/panfs/panasas01/phys/bf16951/QMD/ParallelDevelopment/Results/Sep_10/19_42/logs/qhl_test_43.qmd.7427382.log,config_p1000_e1000_b999_ra0.8_rt0.5_rp0.1,$P_{1000}E_{1000}B_{999}RT_{0.5}RA_{0.8}RP_{0.1}H_{1999000}$,18762.56018304825,43,1,0,0,0,2,6,"{'zTi': 0.23617437493263177, 'yTi': 0.54668470261733704, 'xTi': 0.15589279432032169, 'xTx': -2.1274745417682261, 'zTz': -3.5579947270148238, 'yTy': -2.1387079845464605}"
xTiPPxTxPPyTiPPyTyPPzTiPPzTz,zTiPPyTiPPxTiPPxTxPPzTzPPyTy,"[[ 0.14087941  0.27268099]
 [ 0.47595903  0.43857533]
 [ 0.36899177  0.47427993]
 [-1.79935553  0.43459888]
 [-3.62068655  0.19499246]
 [-2.06939557  0.5065368 ]]","$R_{x,y,z}HF_{x,y,z}$",1000,1000,999,0.5,0.8,0.1,/panfs/panasas01/phys/bf16951/QMD/ParallelDevelopment/Results/Sep_10/19_42/logs/qhl_test_17.qmd.7427356.log,config_p1000_e1000_b999_ra0.8_rt0.5_rp0.1,$P_{1000}E_{1000}B_{999}RT_{0.5}RA_{0.8}RP_{0.1}H_{1999000}$,19901.715861797333,17,1,0,0,0,2,6,"{'zTi': 0.14087941121789915, 'yTi': 0.47595902580170057, 'xTi': 0.36899176790879368, 'xTx': -1.7993555252479663, 'zTz': -3.6206865457933954, 'yTy': -2.0693955706916949}"
xTiPPxTxPPyTiPPzTiPPzTz,zTiPPyTiPPxTiPPzTzPPxTx,"[[-0.08952645  0.28938256]
 [ 0.64483161  0.40324336]
 [ 0.47364719  0.47248467]
 [-3.13353221  0.13461608]
 [-2.10251974  0.4815011 ]]","$R_{x,y,z}HF_{x,z}$",1000,1000,999,0.5,0.8,0.1,/panfs/panasas01/phys/bf16951/QMD/ParallelDevelopment/Results/Sep_10/19_42/logs/qhl_test_64.qmd.7427403.log,config_p1000_e1000_b999_ra0.8_rt0.5_rp0.1,$P_{1000}E_{1000}B_{999}RT_{0.5}RA_{0.8}RP_{0.1}H_{1999000}$,14840.337992668152,64,0,1,0,0,2,5,"{'zTi': -0.089526451458015896, 'yTi': 0.64483161330210104, 'xTi': 0.47364719199542049, 'zTz': -3.1335322076565126, 'xTx': -2.1025197364170882}"
xTiPPxTxPPyTiPPyTyPPzTiPPzTz,zTiPPxTiPPyTiPPzTzPPyTyPPxTx,"[[ 0.23529238  0.40301663]
 [ 0.36510802  0.4847789 ]
 [ 0.33535018  0.49486862]
 [-3.61617018  0.19003369]
 [-1.73815103  0.35602585]
 [-2.04774041  0.50865079]]","$R_{x,y,z}HF_{x,y,z}$",1000,1000,999,0.5,0.8,0.1,/panfs/panasas01/phys/bf16951/QMD/ParallelDevelopment/Results/Sep_10/19_42/logs/qhl_test_27.qmd.7427366.log,config_p1000_e1000_b999_ra0.8_rt0.5_rp0.1,$P_{1000}E_{1000}B_{999}RT_{0.5}RA_{0.8}RP_{0.1}H_{1999000}$,19905.694528579712,27,1,0,0,0,2,6,"{'zTi': 0.2352923832793129, 'xTi': 0.36510801986292629, 'yTi': 0.33535017624631486, 'zTz': -3.616170180595732, 'yTy': -1.738151030619101, 'xTx': -2.0477404137236501}"
xTiPPxTxPPyTiPPyTyPPzTiPPzTz,zTiPPyTiPPxTiPPzTzPPxTxPPyTy,"[[ 0.51431614  0.33536854]
 [ 0.5429139   0.49325237]
 [ 0.5251365   0.54402513]
 [-3.8172201   0.27182158]
 [-1.79807393  0.41217649]
 [-1.56697952  0.46360443]]","$R_{x,y,z}HF_{x,y,z}$",1000,1000,999,0.5,0.8,0.1,/panfs/panasas01/phys/bf16951/QMD/ParallelDevelopment/Results/Sep_10/19_42/logs/qhl_test_50.qmd..log,config_p1000_e1000_b999_ra0.8_rt0.5_rp0.1,$P_{1000}E_{1000}B_{999}RT_{0.5}RA_{0.8}RP_{0.1}H_{1999000}$,18111.952613830566,50,1,0,0,0,2,6,"{'zTi': 0.51431613596687886, 'yTi': 0.54291389551250191, 'xTi': 0.52513650132586731, 'zTz': -3.8172201003113622, 'xTx': -1.7980739316286951, 'yTy': -1.5669795209303348}"
xTiPPxTxPPyTiPPyTyPPzTiPPzTz,zTiPPyTiPPxTiPPzTzPPxTxPPyTy,"[[ 0.11448468  0.37190336]
 [ 0.39609414  0.44710545]
 [ 0.45539777  0.49802114]
 [-3.42878435  0.20439922]
 [-2.10642375  0.48944289]
 [-2.15572327  0.5262045 ]]","$R_{x,y,z}HF_{x,y,z}$",1000,1000,999,0.5,0.8,0.1,/panfs/panasas01/phys/bf16951/QMD/ParallelDevelopment/Results/Sep_10/19_42/logs/qhl_test_56.qmd.7427395.log,config_p1000_e1000_b999_ra0.8_rt0.5_rp0.1,$P_{1000}E_{1000}B_{999}RT_{0.5}RA_{0.8}RP_{0.1}H_{1999000}$,17536.459302186966,56,1,0,0,0,2,6,"{'zTi': 0.1144846781877778, 'yTi': 0.39609413824661499, 'xTi': 0.45539777048152802, 'zTz': -3.4287843488616936, 'xTx': -2.1064237460015911, 'yTy': -2.1557232658962757}"
xTiPPxTxPPyTiPPyTyPPzTiPPzTz,zTiPPyTiPPxTiPPzTzPPyTyPPxTx,"[[ 0.04039661  0.48055054]
 [ 0.85104676  0.47378899]
 [ 0.43068494  0.5183108 ]
 [-3.62779126  0.29143004]
 [-2.11038097  0.42002811]
 [-1.88165976  0.44948577]]","$R_{x,y,z}HF_{x,y,z}$",1000,1000,999,0.5,0.8,0.1,/panfs/panasas01/phys/bf16951/QMD/ParallelDevelopment/Results/Sep_10/19_42/logs/qhl_test_59.qmd.7427398.log,config_p1000_e1000_b999_ra0.8_rt0.5_rp0.1,$P_{1000}E_{1000}B_{999}RT_{0.5}RA_{0.8}RP_{0.1}H_{1999000}$,15792.964943885803,59,1,0,0,0,2,6,"{'zTi': 0.040396611948715098, 'yTi': 0.85104676288601699, 'xTi': 0.43068493582759898, 'zTz': -3.6277912643664711, 'yTy': -2.1103809696402727, 'xTx': -1.8816597640799464}"
xTiPPxTxPPyTiPPzTiPPzTz,zTiPPyTiPPxTiPPxTxPPzTz,"[[-0.14573985  0.30185945]
 [ 0.79919408  0.49732928]
 [ 0.42072854  0.42098606]
 [-1.97386197  0.54742374]
 [-3.34365579  0.15217161]]","$R_{x,y,z}HF_{x,z}$",1000,1000,999,0.5,0.8,0.1,/panfs/panasas01/phys/bf16951/QMD/ParallelDevelopment/Results/Sep_10/19_42/logs/qhl_test_11.qmd.7427350.log,config_p1000_e1000_b999_ra0.8_rt0.5_rp0.1,$P_{1000}E_{1000}B_{999}RT_{0.5}RA_{0.8}RP_{0.1}H_{1999000}$,20393.632529258728,11,0,1,0,0,2,5,"{'zTi': -0.14573984925879782, 'yTi': 0.79919407840266854, 'xTi': 0.42072854180852837, 'xTx': -1.9738619732627796, 'zTz': -3.3436557921222358}"
xTiPPxTxPPyTiPPyTyPPzTiPPzTz,zTiPPyTiPPxTiPPzTzPPyTyPPxTx,"[[-0.07781668  0.49635775]
 [ 0.39614456  0.48166096]
 [ 0.43795894  0.47734231]
 [-3.73361595  0.27369466]
 [-2.02509843  0.51547621]
 [-1.95962035  0.42135618]]","$R_{x,y,z}HF_{x,y,z}$",1000,1000,999,0.5,0.8,0.1,/panfs/panasas01/phys/bf16951/QMD/ParallelDevelopment/Results/Sep_10/19_42/logs/qhl_test_54.qmd.7427393.log,config_p1000_e1000_b999_ra0.8_rt0.5_rp0.1,$P_{1000}E_{1000}B_{999}RT_{0.5}RA_{0.8}RP_{0.1}H_{1999000}$,17894.09158205986,54,1,0,0,0,2,6,"{'zTi': -0.077816680192128479, 'yTi': 0.39614456073310944, 'xTi': 0.43795893827433185, 'zTz': -3.7336159513152554, 'yTy': -2.0250984281405691, 'xTx': -1.9596203463461854}"
xTiPPxTxPPyTiPPyTyPPzTiPPzTz,zTiPPyTiPPxTiPPzTzPPyTyPPxTx,"[[-0.25781381  0.3851534 ]
 [ 0.42071408  0.48265088]
 [ 0.45380247  0.4826451 ]
 [-3.15140997  0.20562189]
 [-2.03201765  0.44705456]
 [-1.96059634  0.50974746]]","$R_{x,y,z}HF_{x,y,z}$",1000,1000,999,0.5,0.8,0.1,/panfs/panasas01/phys/bf16951/QMD/ParallelDevelopment/Results/Sep_10/19_42/logs/qhl_test_46.qmd.7427385.log,config_p1000_e1000_b999_ra0.8_rt0.5_rp0.1,$P_{1000}E_{1000}B_{999}RT_{0.5}RA_{0.8}RP_{0.1}H_{1999000}$,19096.46648645401,46,1,0,0,0,2,6,"{'zTi': -0.25781381248352153, 'yTi': 0.42071407678856781, 'xTi': 0.45380246595494839, 'zTz': -3.1514099713436727, 'yTy': -2.0320176465473194, 'xTx': -1.9605963410909204}"
xTiPPxTxPPyTiPPyTyPPzTi,zTiPPxTiPPyTiPPyTyPPxTx,"[[ 3.09056078  0.13373094]
 [ 0.49362053  0.33446166]
 [ 0.55592501  0.48641319]
 [-1.9279205   0.53657138]
 [-2.07685597  0.76957929]]","$R_{x,y,z}HF_{x,y}$",1000,1000,999,0.5,0.8,0.1,/panfs/panasas01/phys/bf16951/QMD/ParallelDevelopment/Results/Sep_10/19_42/logs/qhl_test_51.qmd.7427390.log,config_p1000_e1000_b999_ra0.8_rt0.5_rp0.1,$P_{1000}E_{1000}B_{999}RT_{0.5}RA_{0.8}RP_{0.1}H_{1999000}$,18313.99982380867,51,0,1,0,0,2,5,"{'zTi': 3.0905607834988915, 'xTi': 0.49362052532390543, 'yTi': 0.55592501083021539, 'yTy': -1.9279205043339998, 'xTx': -2.0768559746920854}"
xTiPPyTiPPyTyPPzTiPPzTz,zTiPPyTiPPxTiPPzTzPPyTy,"[[ 0.12144375  0.26811785]
 [ 0.42127597  0.4552895 ]
 [ 0.44372829  0.4540956 ]
 [-3.14181688  0.1560157 ]
 [-2.00044814  0.49226691]]","$R_{x,y,z}HF_{y,z}$",1000,1000,999,0.5,0.8,0.1,/panfs/panasas01/phys/bf16951/QMD/ParallelDevelopment/Results/Sep_10/19_42/logs/qhl_test_25.qmd.7427364.log,config_p1000_e1000_b999_ra0.8_rt0.5_rp0.1,$P_{1000}E_{1000}B_{999}RT_{0.5}RA_{0.8}RP_{0.1}H_{1999000}$,20815.527881145477,25,0,1,0,0,2,5,"{'zTi': 0.12144374832870543, 'yTi': 0.42127597448444426, 'xTi': 0.44372829285756288, 'zTz': -3.141816884803863, 'yTy': -2.0004481405214074}"
xTiPPxTxPPyTiPPyTyPPzTiPPzTz,zTiPPyTiPPxTiPPzTzPPyTyPPxTx,"[[ 0.01110089  0.40611147]
 [ 0.52344604  0.37620829]
 [ 0.40454762  0.49744398]
 [-3.63157005  0.2460332 ]
 [-1.9364152   0.52131205]
 [-2.01674486  0.53287491]]","$R_{x,y,z}HF_{x,y,z}$",1000,1000,999,0.5,0.8,0.1,/panfs/panasas01/phys/bf16951/QMD/ParallelDevelopment/Results/Sep_10/19_42/logs/qhl_test_18.qmd.7427357.log,config_p1000_e1000_b999_ra0.8_rt0.5_rp0.1,$P_{1000}E_{1000}B_{999}RT_{0.5}RA_{0.8}RP_{0.1}H_{1999000}$,20993.10907268524,18,1,0,0,0,2,6,"{'zTi': 0.011100892863325473, 'yTi': 0.52344603915270993, 'xTi': 0.4045476213043428, 'zTz': -3.6315700495020375, 'yTy': -1.9364152009759397, 'xTx': -2.0167448640578609}"
xTiPPyTiPPyTyPPzTiPPzTz,zTiPPyTiPPxTiPPzTzPPyTy,"[[ 0.60808611  0.39133349]
 [ 0.61149489  0.45841787]
 [ 0.4314181   0.49967489]
 [-2.9875866   0.17000527]
 [-2.11785772  0.44352184]]","$R_{x,y,z}HF_{y,z}$",1000,1000,999,0.5,0.8,0.1,/panfs/panasas01/phys/bf16951/QMD/ParallelDevelopment/Results/Sep_10/19_42/logs/qhl_test_62.qmd.7427401.log,config_p1000_e1000_b999_ra0.8_rt0.5_rp0.1,$P_{1000}E_{1000}B_{999}RT_{0.5}RA_{0.8}RP_{0.1}H_{1999000}$,16290.135632038116,62,0,1,0,0,2,5,"{'zTi': 0.60808610698125065, 'yTi': 0.61149488914588779, 'xTi': 0.43141810232508293, 'zTz': -2.987586604589747, 'yTy': -2.1178577220667472}"
xTiPPxTxPPyTiPPyTyPPzTiPPzTz,zTiPPxTiPPyTiPPyTyPPxTxPPzTz,"[[-0.30398736  0.37778302]
 [ 0.44113121  0.45100594]
 [ 0.40878577  0.50062318]
 [-2.30219388  0.36511347]
 [-2.23221927  0.58113445]
 [-3.33328925  0.20225592]]","$R_{x,y,z}HF_{x,y,z}$",1000,1000,999,0.5,0.8,0.1,/panfs/panasas01/phys/bf16951/QMD/ParallelDevelopment/Results/Sep_10/19_42/logs/qhl_test_32.qmd.7427371.log,config_p1000_e1000_b999_ra0.8_rt0.5_rp0.1,$P_{1000}E_{1000}B_{999}RT_{0.5}RA_{0.8}RP_{0.1}H_{1999000}$,21299.973514795303,32,1,0,0,0,2,6,"{'zTi': -0.3039873626757193, 'xTi': 0.44113121144012585, 'yTi': 0.4087857681366891, 'yTy': -2.3021938846061292, 'xTx': -2.2322192666741891, 'zTz': -3.3332892516198402}"
xTiPPyTiPPyTyPPzTiPPzTz,zTiPPyTiPPxTiPPzTzPPyTy,"[[-0.04004129  0.26729944]
 [ 0.34684642  0.47262256]
 [ 0.51405566  0.47406325]
 [-3.14083047  0.14752678]
 [-1.96141309  0.50030232]]","$R_{x,y,z}HF_{y,z}$",1000,1000,999,0.5,0.8,0.1,/panfs/panasas01/phys/bf16951/QMD/ParallelDevelopment/Results/Sep_10/19_42/logs/qhl_test_29.qmd.7427368.log,config_p1000_e1000_b999_ra0.8_rt0.5_rp0.1,$P_{1000}E_{1000}B_{999}RT_{0.5}RA_{0.8}RP_{0.1}H_{1999000}$,22026.367302417755,29,0,1,0,0,2,5,"{'zTi': -0.0400412857187539, 'yTi': 0.34684641629276103, 'xTi': 0.5140556575954206, 'zTz': -3.1408304701795111, 'yTy': -1.9614130948460511}"
xTiPPxTxPPyTiPPyTyPPzTiPPzTz,zTiPPxTiPPyTiPPxTxPPzTzPPyTy,"[[ 0.3062696   0.30834301]
 [ 0.35785368  0.45286138]
 [ 0.81274227  0.41070264]
 [-2.2504567   0.51314521]
 [-3.30969052  0.20611578]
 [-2.04950135  0.43145305]]","$R_{x,y,z}HF_{x,y,z}$",1000,1000,999,0.5,0.8,0.1,/panfs/panasas01/phys/bf16951/QMD/ParallelDevelopment/Results/Sep_10/19_42/logs/qhl_test_68.qmd.7427407.log,config_p1000_e1000_b999_ra0.8_rt0.5_rp0.1,$P_{1000}E_{1000}B_{999}RT_{0.5}RA_{0.8}RP_{0.1}H_{1999000}$,16499.687804937363,68,1,0,0,0,2,6,"{'zTi': 0.30626959846315061, 'xTi': 0.3578536781111985, 'yTi': 0.81274226608203914, 'xTx': -2.2504567012894174, 'zTz': -3.3096905216743546, 'yTy': -2.049501354366694}"
xTiPPxTxPPyTiPPzTiPPzTz,zTiPPxTiPPyTiPPzTzPPxTx,"[[-0.14897815  0.30538318]
 [ 0.47924326  0.42570574]
 [ 0.45404279  0.4284596 ]
 [-3.26606452  0.14091023]
 [-1.71979759  0.44161365]]","$R_{x,y,z}HF_{x,z}$",1000,1000,999,0.5,0.8,0.1,/panfs/panasas01/phys/bf16951/QMD/ParallelDevelopment/Results/Sep_10/19_42/logs/qhl_test_77.qmd.7427416.log,config_p1000_e1000_b999_ra0.8_rt0.5_rp0.1,$P_{1000}E_{1000}B_{999}RT_{0.5}RA_{0.8}RP_{0.1}H_{1999000}$,14628.099423885345,77,0,1,0,0,2,5,"{'zTi': -0.14897815009770302, 'xTi': 0.47924325719900251, 'yTi': 0.45404278591626107, 'zTz': -3.2660645227768872, 'xTx': -1.7197975862953381}"
xTiPPxTxPPyTiPPyTyPPzTiPPzTz,zTiPPyTiPPxTiPPzTzPPyTyPPxTx,"[[ 0.25484762  0.42478   ]
 [ 0.52170021  0.47953026]
 [ 0.54975252  0.5166851 ]
 [-3.3486864   0.21550523]
 [-2.18296292  0.45385574]
 [-2.12781401  0.49972204]]","$R_{x,y,z}HF_{x,y,z}$",1000,1000,999,0.5,0.8,0.1,/panfs/panasas01/phys/bf16951/QMD/ParallelDevelopment/Results/Sep_10/19_42/logs/qhl_test_33.qmd.7427372.log,config_p1000_e1000_b999_ra0.8_rt0.5_rp0.1,$P_{1000}E_{1000}B_{999}RT_{0.5}RA_{0.8}RP_{0.1}H_{1999000}$,22621.51973414421,33,1,0,0,0,2,6,"{'zTi': 0.25484762498563446, 'yTi': 0.52170021249221399, 'xTi': 0.54975251953951498, 'zTz': -3.3486864005305139, 'yTy': -2.1829629208089001, 'xTx': -2.1278140131991448}"
xTiPPxTxPPyTiPPyTyPPzTiPPzTz,zTiPPxTiPPyTiPPyTyPPzTzPPxTx,"[[ 0.23177993  0.41879227]
 [ 0.69462922  0.52173343]
 [ 0.62423303  0.48699311]
 [-1.98574095  0.41805804]
 [-3.65966478  0.16447237]
 [-2.02955767  0.58724775]]","$R_{x,y,z}HF_{x,y,z}$",1000,1000,999,0.5,0.8,0.1,/panfs/panasas01/phys/bf16951/QMD/ParallelDevelopment/Results/Sep_10/19_42/logs/qhl_test_72.qmd.7427411.log,config_p1000_e1000_b999_ra0.8_rt0.5_rp0.1,$P_{1000}E_{1000}B_{999}RT_{0.5}RA_{0.8}RP_{0.1}H_{1999000}$,15663.18007016182,72,1,0,0,0,2,6,"{'zTi': 0.23177993441170106, 'xTi': 0.69462921861895288, 'yTi': 0.62423303090444027, 'yTy': -1.9857409523477758, 'zTz': -3.6596647772005602, 'xTx': -2.0295576670695339}"
xTiPPyTiPPyTyPPzTiPPzTz,zTiPPxTiPPyTiPPzTzPPyTy,"[[-0.06863659  0.38845976]
 [ 0.71361629  0.55382431]
 [ 0.89170586  0.44761028]
 [-3.24892623  0.19358637]
 [-1.98302597  0.48662423]]","$R_{x,y,z}HF_{y,z}$",1000,1000,999,0.5,0.8,0.1,/panfs/panasas01/phys/bf16951/QMD/ParallelDevelopment/Results/Sep_10/19_42/logs/qhl_test_69.qmd.7427408.log,config_p1000_e1000_b999_ra0.8_rt0.5_rp0.1,$P_{1000}E_{1000}B_{999}RT_{0.5}RA_{0.8}RP_{0.1}H_{1999000}$,16298.326707363129,69,0,1,0,0,2,5,"{'zTi': -0.068636586226648005, 'xTi': 0.71361629483947964, 'yTi': 0.89170585509895472, 'zTz': -3.2489262316456391, 'yTy': -1.9830259702705277}"
xTiPPxTxPPyTiPPyTyPPzTiPPzTz,zTiPPxTiPPyTiPPxTxPPzTzPPyTy,"[[ 0.53912982  0.34099758]
 [ 0.47381192  0.44654499]
 [ 0.65539364  0.49876726]
 [-1.99446205  0.49762585]
 [-3.45710092  0.18380404]
 [-2.01994179  0.50279103]]","$R_{x,y,z}HF_{x,y,z}$",1000,1000,999,0.5,0.8,0.1,/panfs/panasas01/phys/bf16951/QMD/ParallelDevelopment/Results/Sep_10/19_42/logs/qhl_test_67.qmd.7427406.log,config_p1000_e1000_b999_ra0.8_rt0.5_rp0.1,$P_{1000}E_{1000}B_{999}RT_{0.5}RA_{0.8}RP_{0.1}H_{1999000}$,17651.22240447998,67,1,0,0,0,2,6,"{'zTi': 0.5391298155710722, 'xTi': 0.4738119208439045, 'yTi': 0.65539363549452034, 'xTx': -1.9944620501334225, 'zTz': -3.4571009200771408, 'yTy': -2.0199417851636365}"
xTiPPxTxPPyTiPPyTyPPzTiPPzTz,zTiPPyTiPPxTiPPzTzPPyTyPPxTx,"[[ 0.16944901  0.49536082]
 [ 0.32971307  0.40382076]
 [ 0.46754011  0.4721357 ]
 [-3.39205037  0.33468045]
 [-1.72450825  0.42841945]
 [-2.01350079  0.55651939]]","$R_{x,y,z}HF_{x,y,z}$",1000,1000,999,0.5,0.8,0.1,/panfs/panasas01/phys/bf16951/QMD/ParallelDevelopment/Results/Sep_10/19_42/logs/qhl_test_57.qmd.7427396.log,config_p1000_e1000_b999_ra0.8_rt0.5_rp0.1,$P_{1000}E_{1000}B_{999}RT_{0.5}RA_{0.8}RP_{0.1}H_{1999000}$,20267.241963624954,57,1,0,0,0,2,6,"{'zTi': 0.16944900511948613, 'yTi': 0.3297130718776734, 'xTi': 0.46754010919867922, 'zTz': -3.3920503715936365, 'yTy': -1.7245082456234677, 'xTx': -2.0135007928447033}"
xTiPPxTxPPyTiPPyTyPPzTiPPzTz,zTiPPyTiPPxTiPPyTyPPzTzPPxTx,"[[-0.07643393  0.36635784]
 [ 0.44567091  0.44306843]
 [ 0.48540546  0.55830545]
 [-2.1751784   0.38670312]
 [-3.55489835  0.16526311]
 [-2.22948494  0.51935338]]","$R_{x,y,z}HF_{x,y,z}$",1000,1000,999,0.5,0.8,0.1,/panfs/panasas01/phys/bf16951/QMD/ParallelDevelopment/Results/Sep_10/19_42/logs/qhl_test_63.qmd.7427402.log,config_p1000_e1000_b999_ra0.8_rt0.5_rp0.1,$P_{1000}E_{1000}B_{999}RT_{0.5}RA_{0.8}RP_{0.1}H_{1999000}$,19118.309295654297,63,1,0,0,0,2,6,"{'zTi': -0.076433925910205772, 'yTi': 0.44567090574258494, 'xTi': 0.485405460608138, 'yTy': -2.1751784021920275, 'zTz': -3.5548983527665095, 'xTx': -2.2294849429842181}"
xTiPPxTxPPyTiPPzTiPPzTz,zTiPPyTiPPxTiPPzTzPPxTx,"[[ 0.01891879  0.42333083]
 [ 0.58185351  0.64248927]
 [ 0.35830075  0.43353643]
 [-3.22508602  0.18029459]
 [-2.00208307  0.51078102]]","$R_{x,y,z}HF_{x,z}$",1000,1000,999,0.5,0.8,0.1,/panfs/panasas01/phys/bf16951/QMD/ParallelDevelopment/Results/Sep_10/19_42/logs/qhl_test_65.qmd.7427404.log,config_p1000_e1000_b999_ra0.8_rt0.5_rp0.1,$P_{1000}E_{1000}B_{999}RT_{0.5}RA_{0.8}RP_{0.1}H_{1999000}$,19310.945660591125,65,0,1,0,0,2,5,"{'zTi': 0.018918791218697995, 'yTi': 0.58185350913509581, 'xTi': 0.3583007479816373, 'zTz': -3.2250860233936738, 'xTx': -2.0020830670152279}"
xTiPPxTxPPyTiPPyTyPPzTiPPzTz,zTiPPxTiPPyTiPPxTxPPyTyPPzTz,"[[ 0.35096136  0.28442074]
 [ 0.68364424  0.48257038]
 [ 0.61906452  0.43559349]
 [-2.26202762  0.41952912]
 [-1.91907832  0.62605398]
 [-3.86367372  0.16264742]]","$R_{x,y,z}HF_{x,y,z}$",1000,1000,999,0.5,0.8,0.1,/panfs/panasas01/phys/bf16951/QMD/ParallelDevelopment/Results/Sep_10/19_42/logs/qhl_test_66.qmd.7427405.log,config_p1000_e1000_b999_ra0.8_rt0.5_rp0.1,$P_{1000}E_{1000}B_{999}RT_{0.5}RA_{0.8}RP_{0.1}H_{1999000}$,19367.05835700035,66,1,0,0,0,2,6,"{'zTi': 0.3509613594544303, 'xTi': 0.68364423929932083, 'yTi': 0.61906452286316882, 'xTx': -2.2620276243759223, 'yTy': -1.9190783202251094, 'zTz': -3.8636737206562786}"
xTiPPxTxPPyTiPPyTyPPzTiPPzTz,zTiPPyTiPPxTiPPxTxPPzTzPPyTy,"[[ 0.63448658  0.3341321 ]
 [ 0.68628012  0.44567759]
 [ 0.44402205  0.4931171 ]
 [-1.94928272  0.54245566]
 [-3.44331413  0.20469311]
 [-1.91399498  0.42699768]]","$R_{x,y,z}HF_{x,y,z}$",1000,1000,999,0.5,0.8,0.1,/panfs/panasas01/phys/bf16951/QMD/ParallelDevelopment/Results/Sep_10/19_42/logs/qhl_test_74.qmd.7427413.log,config_p1000_e1000_b999_ra0.8_rt0.5_rp0.1,$P_{1000}E_{1000}B_{999}RT_{0.5}RA_{0.8}RP_{0.1}H_{1999000}$,16841.078599214554,74,1,0,0,0,2,6,"{'zTi': 0.63448657559563681, 'yTi': 0.68628011504126518, 'xTi': 0.44402205136904999, 'xTx': -1.9492827208963037, 'zTz': -3.4433141250770674, 'yTy': -1.9139949789162682}"
xTiPPyTiPPyTyPPzTiPPzTz,zTiPPxTiPPyTiPPyTyPPzTz,"[[ 0.25208801  0.36458767]
 [ 0.30790892  0.47003565]
 [ 0.58794519  0.42824166]
 [-2.19911672  0.58585995]
 [-3.36410778  0.18904103]]","$R_{x,y,z}HF_{y,z}$",1000,1000,999,0.5,0.8,0.1,/panfs/panasas01/phys/bf16951/QMD/ParallelDevelopment/Results/Sep_10/19_42/logs/qhl_test_76.qmd.7427415.log,config_p1000_e1000_b999_ra0.8_rt0.5_rp0.1,$P_{1000}E_{1000}B_{999}RT_{0.5}RA_{0.8}RP_{0.1}H_{1999000}$,16956.701453208923,76,0,1,0,0,2,5,"{'zTi': 0.2520880103964393, 'xTi': 0.30790891645588292, 'yTi': 0.58794519408999135, 'yTy': -2.1991167171711945, 'zTz': -3.3641077809627369}"
xTiPPxTxPPyTiPPzTiPPzTz,zTiPPyTiPPxTiPPxTxPPzTz,"[[ 0.55761767  0.29986291]
 [ 0.3362432   0.4729092 ]
 [ 0.37133619  0.46711539]
 [-2.01801125  0.5812431 ]
 [-3.22150298  0.16405404]]","$R_{x,y,z}HF_{x,z}$",1000,1000,999,0.5,0.8,0.1,/panfs/panasas01/phys/bf16951/QMD/ParallelDevelopment/Results/Sep_10/19_42/logs/qhl_test_78.qmd.7427417.log,config_p1000_e1000_b999_ra0.8_rt0.5_rp0.1,$P_{1000}E_{1000}B_{999}RT_{0.5}RA_{0.8}RP_{0.1}H_{1999000}$,16749.64593744278,78,0,1,0,0,2,5,"{'zTi': 0.55761767089027559, 'yTi': 0.33624320124179341, 'xTi': 0.37133618871665919, 'xTx': -2.0180112495332159, 'zTz': -3.221502975939126}"
xTiPPxTxPPyTiPPzTiPPzTz,zTiPPyTiPPxTiPPxTxPPzTz,"[[ 0.22912076  0.31135507]
 [ 0.45045902  0.43791548]
 [ 0.6166967   0.51655257]
 [-1.86757677  0.56041092]
 [-3.16063344  0.16080792]]","$R_{x,y,z}HF_{x,z}$",1000,1000,999,0.5,0.8,0.1,/panfs/panasas01/phys/bf16951/QMD/ParallelDevelopment/Results/Sep_10/19_42/logs/qhl_test_19.qmd.7427358.log,config_p1000_e1000_b999_ra0.8_rt0.5_rp0.1,$P_{1000}E_{1000}B_{999}RT_{0.5}RA_{0.8}RP_{0.1}H_{1999000}$,25413.733991622925,19,0,1,0,0,2,5,"{'zTi': 0.22912075987740882, 'yTi': 0.45045901513867526, 'xTi': 0.61669669918897785, 'xTx': -1.8675767736623037, 'zTz': -3.1606334390518023}"
xTiPPxTxPPyTiPPzTiPPzTz,zTiPPyTiPPxTiPPxTxPPzTz,"[[-0.0089008   0.24049608]
 [ 0.31334467  0.56474819]
 [ 0.32474638  0.50881075]
 [-1.77315237  0.44401661]
 [-3.19180235  0.1432942 ]]","$R_{x,y,z}HF_{x,z}$",1000,1000,999,0.5,0.8,0.1,/panfs/panasas01/phys/bf16951/QMD/ParallelDevelopment/Results/Sep_10/19_42/logs/qhl_test_83.qmd.7427422.log,config_p1000_e1000_b999_ra0.8_rt0.5_rp0.1,$P_{1000}E_{1000}B_{999}RT_{0.5}RA_{0.8}RP_{0.1}H_{1999000}$,15307.844008207321,83,0,1,0,0,2,5,"{'zTi': -0.0089008018405440231, 'yTi': 0.31334467246718462, 'xTi': 0.32474637845014864, 'xTx': -1.7731523743594588, 'zTz': -3.1918023489203433}"
xTiPPxTxPPyTiPPzTiPPzTz,zTiPPyTiPPxTiPPzTzPPxTx,"[[ 0.18143674  0.39887   ]
 [ 0.33996268  0.48075079]
 [ 0.48855671  0.5166809 ]
 [-3.09338987  0.21817048]
 [-2.04864203  0.51157693]]","$R_{x,y,z}HF_{x,z}$",1000,1000,999,0.5,0.8,0.1,/panfs/panasas01/phys/bf16951/QMD/ParallelDevelopment/Results/Sep_10/19_42/logs/qhl_test_35.qmd.7427374.log,config_p1000_e1000_b999_ra0.8_rt0.5_rp0.1,$P_{1000}E_{1000}B_{999}RT_{0.5}RA_{0.8}RP_{0.1}H_{1999000}$,25272.003042697906,35,0,1,0,0,2,5,"{'zTi': 0.18143674071091484, 'yTi': 0.33996267859843587, 'xTi': 0.48855670906348853, 'zTz': -3.0933898664448485, 'xTx': -2.048642030421278}"
xTiPPxTxPPyTiPPyTyPPzTiPPzTz,zTiPPyTiPPxTiPPxTxPPzTzPPyTy,"[[ 0.06899715  0.30654772]
 [ 0.75198687  0.42815195]
 [ 1.00466916  0.47427379]
 [-2.02850523  0.5008305 ]
 [-3.97186446  0.18667843]
 [-2.38538887  0.4373077 ]]","$R_{x,y,z}HF_{x,y,z}$",1000,1000,999,0.5,0.8,0.1,/panfs/panasas01/phys/bf16951/QMD/ParallelDevelopment/Results/Sep_10/19_42/logs/qhl_test_71.qmd.7427410.log,config_p1000_e1000_b999_ra0.8_rt0.5_rp0.1,$P_{1000}E_{1000}B_{999}RT_{0.5}RA_{0.8}RP_{0.1}H_{1999000}$,18232.37810897827,71,1,0,0,0,2,6,"{'zTi': 0.068997145348807742, 'yTi': 0.75198687211474435, 'xTi': 1.0046691602481965, 'xTx': -2.0285052286107392, 'zTz': -3.9718644608902309, 'yTy': -2.3853888662768958}"
xTiPPxTxPPyTiPPyTyPPzTiPPzTz,zTiPPyTiPPxTiPPzTzPPxTxPPyTy,"[[ 0.03445319  0.47846011]
 [ 0.34444138  0.51001748]
 [ 0.53074648  0.46484669]
 [-3.59006335  0.19508589]
 [-2.12106265  0.42369729]
 [-1.79210889  0.45368503]]","$R_{x,y,z}HF_{x,y,z}$",1000,1000,999,0.5,0.8,0.1,/panfs/panasas01/phys/bf16951/QMD/ParallelDevelopment/Results/Sep_10/19_42/logs/qhl_test_39.qmd.7427378.log,config_p1000_e1000_b999_ra0.8_rt0.5_rp0.1,$P_{1000}E_{1000}B_{999}RT_{0.5}RA_{0.8}RP_{0.1}H_{1999000}$,25485.66724228859,39,1,0,0,0,2,6,"{'zTi': 0.034453191336954604, 'yTi': 0.34444138071068553, 'xTi': 0.53074647752084592, 'zTz': -3.5900633472051302, 'xTx': -2.1210626533753021, 'yTy': -1.7921088939518925}"
xTiPPxTxPPyTiPPzTiPPzTz,zTiPPyTiPPxTiPPzTzPPxTx,"[[ 0.67362227  0.58799342]
 [ 0.50822359  0.47039453]
 [ 0.48477436  0.52710289]
 [-3.32663253  0.24717468]
 [-1.98393086  0.55639149]]","$R_{x,y,z}HF_{x,z}$",1000,1000,999,0.5,0.8,0.1,/panfs/panasas01/phys/bf16951/QMD/ParallelDevelopment/Results/Sep_10/19_42/logs/qhl_test_81.qmd.7427420.log,config_p1000_e1000_b999_ra0.8_rt0.5_rp0.1,$P_{1000}E_{1000}B_{999}RT_{0.5}RA_{0.8}RP_{0.1}H_{1999000}$,16464.181691884995,81,0,1,0,0,2,5,"{'zTi': 0.67362226852016194, 'yTi': 0.5082235851746657, 'xTi': 0.48477436242972205, 'zTz': -3.3266325317515464, 'xTx': -1.9839308635752559}"
xTiPPxTxPPyTiPPzTiPPzTz,zTiPPyTiPPxTiPPxTxPPzTz,"[[ 0.32986141  0.41549611]
 [ 0.36970553  0.47099881]
 [ 0.69565022  0.46830173]
 [-1.86939986  0.58337242]
 [-3.32982261  0.17968901]]","$R_{x,y,z}HF_{x,z}$",1000,1000,999,0.5,0.8,0.1,/panfs/panasas01/phys/bf16951/QMD/ParallelDevelopment/Results/Sep_10/19_42/logs/qhl_test_21.qmd.7427360.log,config_p1000_e1000_b999_ra0.8_rt0.5_rp0.1,$P_{1000}E_{1000}B_{999}RT_{0.5}RA_{0.8}RP_{0.1}H_{1999000}$,26582.672738313675,21,0,1,0,0,2,5,"{'zTi': 0.3298614141050823, 'yTi': 0.36970553401304868, 'xTi': 0.69565022184994474, 'xTx': -1.8693998584730069, 'zTz': -3.3298226117138383}"
xTiPPxTxPPyTiPPyTyPPzTiPPzTz,zTiPPxTiPPyTiPPxTxPPzTzPPyTy,"[[-0.10074706  0.31502106]
 [ 0.52590169  0.44259954]
 [ 0.7176814   0.39212748]
 [-2.03324578  0.42883959]
 [-3.24992654  0.18901173]
 [-2.08536915  0.47452915]]","$R_{x,y,z}HF_{x,y,z}$",1000,1000,999,0.5,0.8,0.1,/panfs/panasas01/phys/bf16951/QMD/ParallelDevelopment/Results/Sep_10/19_42/logs/qhl_test_75.qmd.7427414.log,config_p1000_e1000_b999_ra0.8_rt0.5_rp0.1,$P_{1000}E_{1000}B_{999}RT_{0.5}RA_{0.8}RP_{0.1}H_{1999000}$,18275.03716492653,75,1,0,0,0,2,6,"{'zTi': -0.10074706154044955, 'xTi': 0.52590169404136855, 'yTi': 0.71768140494652377, 'xTx': -2.0332457842998624, 'zTz': -3.249926543137283, 'yTy': -2.0853691462022526}"
xTiPPxTxPPyTiPPyTyPPzTiPPzTz,zTiPPyTiPPxTiPPzTzPPxTxPPyTy,"[[ 0.45127348  0.35476726]
 [ 0.69603828  0.5996425 ]
 [ 0.45006125  0.47467771]
 [-3.42794254  0.18837353]
 [-1.97041179  0.49607783]
 [-1.90531279  0.50068961]]","$R_{x,y,z}HF_{x,y,z}$",1000,1000,999,0.5,0.8,0.1,/panfs/panasas01/phys/bf16951/QMD/ParallelDevelopment/Results/Sep_10/19_42/logs/qhl_test_70.qmd.7427409.log,config_p1000_e1000_b999_ra0.8_rt0.5_rp0.1,$P_{1000}E_{1000}B_{999}RT_{0.5}RA_{0.8}RP_{0.1}H_{1999000}$,19306.618280649185,70,1,0,0,0,2,6,"{'zTi': 0.45127348135446904, 'yTi': 0.69603828405927215, 'xTi': 0.45006125012903614, 'zTz': -3.427942544134257, 'xTx': -1.970411788322131, 'yTy': -1.9053127851822664}"
xTiPPxTxPPyTiPPyTyPPzTiPPzTz,zTiPPyTiPPxTiPPyTyPPxTxPPzTz,"[[ 0.58218235  0.33271796]
 [ 0.53459905  0.49578674]
 [ 0.49091818  0.53232776]
 [-2.19829601  0.54868398]
 [-2.14366207  0.46208485]
 [-3.55725502  0.16188078]]","$R_{x,y,z}HF_{x,y,z}$",1000,1000,999,0.5,0.8,0.1,/panfs/panasas01/phys/bf16951/QMD/ParallelDevelopment/Results/Sep_10/19_42/logs/qhl_test_73.qmd.7427412.log,config_p1000_e1000_b999_ra0.8_rt0.5_rp0.1,$P_{1000}E_{1000}B_{999}RT_{0.5}RA_{0.8}RP_{0.1}H_{1999000}$,18980.963435649872,73,1,0,0,0,2,6,"{'zTi': 0.58218235065683621, 'yTi': 0.53459904758119425, 'xTi': 0.49091818454783892, 'yTy': -2.1982960086757188, 'xTx': -2.1436620700135252, 'zTz': -3.557255023119045}"
xTiPPxTxPPyTiPPzTiPPzTz,zTiPPyTiPPxTiPPzTzPPxTx,"[[ 0.69329557  0.27515539]
 [ 0.55171137  0.52648535]
 [ 0.39775828  0.45783869]
 [-3.1122205   0.16905929]
 [-2.10893198  0.59961854]]","$R_{x,y,z}HF_{x,z}$",1000,1000,999,0.5,0.8,0.1,/panfs/panasas01/phys/bf16951/QMD/ParallelDevelopment/Results/Sep_10/19_42/logs/qhl_test_31.qmd.7427370.log,config_p1000_e1000_b999_ra0.8_rt0.5_rp0.1,$P_{1000}E_{1000}B_{999}RT_{0.5}RA_{0.8}RP_{0.1}H_{1999000}$,26753.78827881813,31,0,1,0,0,2,5,"{'zTi': 0.69329557186588708, 'yTi': 0.55171137393570646, 'xTi': 0.39775828185841317, 'zTz': -3.1122205043464919, 'xTx': -2.1089319758132903}"
xTiPPxTxPPyTiPPyTyPPzTiPPzTz,zTiPPyTiPPxTiPPzTzPPxTxPPyTy,"[[ 0.71531893  0.43437129]
 [ 0.1156112   0.44159964]
 [ 0.35381335  0.39747504]
 [-3.95835921  0.25202336]
 [-1.83285136  0.57273373]
 [-1.34340589  0.54686822]]","$R_{x,y,z}HF_{x,y,z}$",1000,1000,999,0.5,0.8,0.1,/panfs/panasas01/phys/bf16951/QMD/ParallelDevelopment/Results/Sep_10/19_42/logs/qhl_test_80.qmd.7427419.log,config_p1000_e1000_b999_ra0.8_rt0.5_rp0.1,$P_{1000}E_{1000}B_{999}RT_{0.5}RA_{0.8}RP_{0.1}H_{1999000}$,18700.92872095108,80,1,0,0,0,2,6,"{'zTi': 0.71531893079617426, 'yTi': 0.11561119728827088, 'xTi': 0.35381334896187799, 'zTz': -3.9583592145327877, 'xTx': -1.8328513623715348, 'yTy': -1.3434058850562225}"
xTiPPxTxPPyTiPPyTyPPzTiPPzTz,zTiPPyTiPPxTiPPzTzPPyTyPPxTx,"[[ 0.0892342   0.40519783]
 [ 0.7143831   0.44125595]
 [ 0.37147583  0.49101223]
 [-3.6492244   0.19460294]
 [-2.21541921  0.4553484 ]
 [-1.9075107   0.42998679]]","$R_{x,y,z}HF_{x,y,z}$",1000,1000,999,0.5,0.8,0.1,/panfs/panasas01/phys/bf16951/QMD/ParallelDevelopment/Results/Sep_10/19_42/logs/qhl_test_60.qmd.7427399.log,config_p1000_e1000_b999_ra0.8_rt0.5_rp0.1,$P_{1000}E_{1000}B_{999}RT_{0.5}RA_{0.8}RP_{0.1}H_{1999000}$,23776.860936164856,60,1,0,0,0,2,6,"{'zTi': 0.089234200967239163, 'yTi': 0.71438309872733585, 'xTi': 0.37147583170388487, 'zTz': -3.6492243961060553, 'yTy': -2.2154192076354304, 'xTx': -1.9075107028421721}"
xTiPPxTxPPyTiPPyTyPPzTiPPzTz,zTiPPyTiPPxTiPPxTxPPyTyPPzTz,"[[ 0.75746138  0.42541114]
 [ 0.61189763  0.50980927]
 [ 0.42611073  0.56787236]
 [-1.98255373  0.56794529]
 [-2.24966563  0.45595989]
 [-3.39340061  0.22558058]]","$R_{x,y,z}HF_{x,y,z}$",1000,1000,999,0.5,0.8,0.1,/panfs/panasas01/phys/bf16951/QMD/ParallelDevelopment/Results/Sep_10/19_42/logs/qhl_test_82.qmd.7427421.log,config_p1000_e1000_b999_ra0.8_rt0.5_rp0.1,$P_{1000}E_{1000}B_{999}RT_{0.5}RA_{0.8}RP_{0.1}H_{1999000}$,18621.15472126007,82,1,0,0,0,2,6,"{'zTi': 0.75746138308338684, 'yTi': 0.61189763428591726, 'xTi': 0.42611072686788759, 'xTx': -1.9825537264078581, 'yTy': -2.2496656270484321, 'zTz': -3.3934006125836866}"
xTiPPxTxPPyTiPPyTyPPzTiPPzTz,zTiPPyTiPPxTiPPzTzPPyTyPPxTx,"[[ 0.38266012  0.50012965]
 [ 0.32473004  0.52477017]
 [ 0.57402505  0.62124976]
 [-3.76032697  0.20373437]
 [-1.79617001  0.44941486]
 [-2.05825741  0.47165848]]","$R_{x,y,z}HF_{x,y,z}$",1000,1000,999,0.5,0.8,0.1,/panfs/panasas01/phys/bf16951/QMD/ParallelDevelopment/Results/Sep_10/19_42/logs/qhl_test_61.qmd.7427400.log,config_p1000_e1000_b999_ra0.8_rt0.5_rp0.1,$P_{1000}E_{1000}B_{999}RT_{0.5}RA_{0.8}RP_{0.1}H_{1999000}$,24492.410039424896,61,1,0,0,0,2,6,"{'zTi': 0.38266012109784686, 'yTi': 0.32473004054446741, 'xTi': 0.57402505365988576, 'zTz': -3.7603269651386961, 'yTy': -1.796170011234854, 'xTx': -2.0582574053386198}"
xTiPPxTxPPyTiPPyTyPPzTiPPzTz,zTiPPyTiPPxTiPPzTzPPxTxPPyTy,"[[ 0.20365572  0.38085359]
 [ 0.42670892  0.56719107]
 [ 0.45820741  0.35517269]
 [-3.58094992  0.19606925]
 [-2.09242885  0.43162782]
 [-1.78689361  0.4540155 ]]","$R_{x,y,z}HF_{x,y,z}$",1000,1000,999,0.5,0.8,0.1,/panfs/panasas01/phys/bf16951/QMD/ParallelDevelopment/Results/Sep_10/19_42/logs/qhl_test_58.qmd.7427397.log,config_p1000_e1000_b999_ra0.8_rt0.5_rp0.1,$P_{1000}E_{1000}B_{999}RT_{0.5}RA_{0.8}RP_{0.1}H_{1999000}$,24914.309600830078,58,1,0,0,0,2,6,"{'zTi': 0.20365571962821155, 'yTi': 0.42670891534150673, 'xTi': 0.45820740644930813, 'zTz': -3.5809499227252171, 'xTx': -2.0924288481685918, 'yTy': -1.7868936051286013}"
xTiPPxTxPPyTiPPzTiPPzTz,zTiPPyTiPPxTiPPzTzPPxTx,"[[-0.23013431  0.25716252]
 [ 0.49436962  0.53467225]
 [ 0.44169431  0.4843225 ]
 [-3.06194388  0.14461443]
 [-2.00737565  0.45149176]]","$R_{x,y,z}HF_{x,z}$",1000,1000,999,0.5,0.8,0.1,/panfs/panasas01/phys/bf16951/QMD/ParallelDevelopment/Results/Sep_10/19_42/logs/qhl_test_84.qmd.7427423.log,config_p1000_e1000_b999_ra0.8_rt0.5_rp0.1,$P_{1000}E_{1000}B_{999}RT_{0.5}RA_{0.8}RP_{0.1}H_{1999000}$,19190.9501349926,84,0,1,0,0,2,5,"{'zTi': -0.23013431313381677, 'yTi': 0.49436962205470619, 'xTi': 0.4416943126892201, 'zTz': -3.0619438840617828, 'xTx': -2.0073756456522425}"
xTiPPxTxPPyTiPPyTyPPzTiPPzTz,zTiPPyTiPPxTiPPzTzPPyTyPPxTx,"[[ 0.57919443  0.58387252]
 [ 0.73465241  0.519263  ]
 [ 0.25201267  0.51916582]
 [-3.747185    0.19151018]
 [-2.18302961  0.5160489 ]
 [-2.18312243  0.60679318]]","$R_{x,y,z}HF_{x,y,z}$",1000,1000,999,0.5,0.8,0.1,/panfs/panasas01/phys/bf16951/QMD/ParallelDevelopment/Results/Sep_10/19_42/logs/qhl_test_92.qmd.7427431.log,config_p1000_e1000_b999_ra0.8_rt0.5_rp0.1,$P_{1000}E_{1000}B_{999}RT_{0.5}RA_{0.8}RP_{0.1}H_{1999000}$,16806.85951733589,92,1,0,0,0,2,6,"{'zTi': 0.57919442715006109, 'yTi': 0.73465241427273031, 'xTi': 0.25201267010361711, 'zTz': -3.7471849992943094, 'yTy': -2.1830296099836852, 'xTx': -2.1831224316282007}"
xTiPPyTiPPyTyPPzTiPPzTz,zTiPPyTiPPxTiPPzTzPPyTy,"[[ 0.10579109  0.30144772]
 [ 0.46967671  0.42333293]
 [ 0.43656309  0.49179652]
 [-3.21856999  0.16117064]
 [-2.10586189  0.51786911]]","$R_{x,y,z}HF_{y,z}$",1000,1000,999,0.5,0.8,0.1,/panfs/panasas01/phys/bf16951/QMD/ParallelDevelopment/Results/Sep_10/19_42/logs/qhl_test_91.qmd.7427430.log,config_p1000_e1000_b999_ra0.8_rt0.5_rp0.1,$P_{1000}E_{1000}B_{999}RT_{0.5}RA_{0.8}RP_{0.1}H_{1999000}$,16835.55503678322,91,0,1,0,0,2,5,"{'zTi': 0.10579108982888599, 'yTi': 0.46967670784312976, 'xTi': 0.43656308558789375, 'zTz': -3.2185699941698305, 'yTy': -2.1058618907397939}"
xTiPPxTxPPyTiPPyTyPPzTiPPzTz,zTiPPyTiPPxTiPPzTzPPyTyPPxTx,"[[ 0.4748564   0.38889838]
 [ 0.48049533  0.42720995]
 [ 0.49606131  0.47482213]
 [-3.32837814  0.18592931]
 [-2.09966329  0.55183499]
 [-2.19033831  0.40020379]]","$R_{x,y,z}HF_{x,y,z}$",1000,1000,999,0.5,0.8,0.1,/panfs/panasas01/phys/bf16951/QMD/ParallelDevelopment/Results/Sep_10/19_42/logs/qhl_test_86.qmd.7427425.log,config_p1000_e1000_b999_ra0.8_rt0.5_rp0.1,$P_{1000}E_{1000}B_{999}RT_{0.5}RA_{0.8}RP_{0.1}H_{1999000}$,19184.3398270607,86,1,0,0,0,2,6,"{'zTi': 0.47485639945077923, 'yTi': 0.48049533152158469, 'xTi': 0.49606130908098206, 'zTz': -3.3283781394580068, 'yTy': -2.0996632884970179, 'xTx': -2.1903383125241973}"
xTiPPxTxPPyTiPPyTyPPzTiPPzTz,zTiPPyTiPPxTiPPzTzPPyTyPPxTx,"[[ 0.04190871  0.33470391]
 [ 0.41357354  0.3778625 ]
 [ 0.48198493  0.51941884]
 [-3.62138212  0.22425843]
 [-2.12793399  0.4822696 ]
 [-2.17696602  0.43175635]]","$R_{x,y,z}HF_{x,y,z}$",1000,1000,999,0.5,0.8,0.1,/panfs/panasas01/phys/bf16951/QMD/ParallelDevelopment/Results/Sep_10/19_42/logs/qhl_test_89.qmd.7427428.log,config_p1000_e1000_b999_ra0.8_rt0.5_rp0.1,$P_{1000}E_{1000}B_{999}RT_{0.5}RA_{0.8}RP_{0.1}H_{1999000}$,17285.470085144043,89,1,0,0,0,2,6,"{'zTi': 0.041908709284047836, 'yTi': 0.41357353804167052, 'xTi': 0.48198492852675634, 'zTz': -3.6213821176828236, 'yTy': -2.1279339875911538, 'xTx': -2.1769660175843035}"
xTiPPxTxPPyTiPPyTyPPzTiPPzTz,zTiPPyTiPPxTiPPyTyPPzTzPPxTx,"[[-0.58290701  0.36815996]
 [ 0.57625041  0.53727784]
 [ 0.32027048  0.38592857]
 [-2.0262506   0.49708356]
 [-3.62741338  0.17402942]
 [-1.81752304  0.50557056]]","$R_{x,y,z}HF_{x,y,z}$",1000,1000,999,0.5,0.8,0.1,/panfs/panasas01/phys/bf16951/QMD/ParallelDevelopment/Results/Sep_10/19_42/logs/qhl_test_93.qmd.7427432.log,config_p1000_e1000_b999_ra0.8_rt0.5_rp0.1,$P_{1000}E_{1000}B_{999}RT_{0.5}RA_{0.8}RP_{0.1}H_{1999000}$,17348.747138023376,93,1,0,0,0,2,6,"{'zTi': -0.5829070111201875, 'yTi': 0.57625041255624831, 'xTi': 0.32027047845040818, 'yTy': -2.0262506013245063, 'zTz': -3.6274133760568192, 'xTx': -1.817523037241344}"
xTiPPxTxPPyTiPPyTyPPzTiPPzTz,zTiPPyTiPPxTiPPzTzPPyTyPPxTx,"[[ 0.51471622  0.33498603]
 [ 0.59339293  0.45761357]
 [ 0.55620389  0.45520848]
 [-3.4665025   0.18244896]
 [-1.9641812   0.44141863]
 [-2.00008811  0.3902563 ]]","$R_{x,y,z}HF_{x,y,z}$",1000,1000,999,0.5,0.8,0.1,/panfs/panasas01/phys/bf16951/QMD/ParallelDevelopment/Results/Sep_10/19_42/logs/qhl_test_87.qmd.7427426.log,config_p1000_e1000_b999_ra0.8_rt0.5_rp0.1,$P_{1000}E_{1000}B_{999}RT_{0.5}RA_{0.8}RP_{0.1}H_{1999000}$,18680.636569976807,87,1,0,0,0,2,6,"{'zTi': 0.51471621607865303, 'yTi': 0.59339293286074513, 'xTi': 0.5562038934822523, 'zTz': -3.4665024967409419, 'yTy': -1.9641812040618101, 'xTx': -2.0000881075492214}"
xTiPPxTxPPyTiPPzTiPPzTz,zTiPPyTiPPxTiPPzTzPPxTx,"[[ 0.16787386  0.30005457]
 [ 0.22279534  0.43781593]
 [ 0.39442226  0.47325091]
 [-3.22269069  0.13746162]
 [-1.98756224  0.49341831]]","$R_{x,y,z}HF_{x,z}$",1000,1000,999,0.5,0.8,0.1,/panfs/panasas01/phys/bf16951/QMD/ParallelDevelopment/Results/Sep_10/19_42/logs/qhl_test_95.qmd.7427434.log,config_p1000_e1000_b999_ra0.8_rt0.5_rp0.1,$P_{1000}E_{1000}B_{999}RT_{0.5}RA_{0.8}RP_{0.1}H_{1999000}$,18154.8523542881,95,0,1,0,0,2,5,"{'zTi': 0.16787386032261795, 'yTi': 0.22279534472254339, 'xTi': 0.3944222562864908, 'zTz': -3.2226906914411728, 'xTx': -1.9875622395596588}"
xTiPPxTxPPyTiPPzTiPPzTz,zTiPPyTiPPxTiPPzTzPPxTx,"[[-0.24351925  0.29144396]
 [ 0.45241411  0.39732194]
 [ 0.53618867  0.55600891]
 [-3.12547613  0.16695961]
 [-1.96839828  0.50088217]]","$R_{x,y,z}HF_{x,z}$",1000,1000,999,0.5,0.8,0.1,/panfs/panasas01/phys/bf16951/QMD/ParallelDevelopment/Results/Sep_10/19_42/logs/qhl_test_88.qmd.7427427.log,config_p1000_e1000_b999_ra0.8_rt0.5_rp0.1,$P_{1000}E_{1000}B_{999}RT_{0.5}RA_{0.8}RP_{0.1}H_{1999000}$,19381.562695026398,88,0,1,0,0,2,5,"{'zTi': -0.24351924559591748, 'yTi': 0.45241411259098596, 'xTi': 0.53618866705640666, 'zTz': -3.1254761268234188, 'xTx': -1.9683982805051363}"
xTiPPxTxPPyTiPPyTyPPzTiPPzTz,zTiPPyTiPPxTiPPxTxPPzTzPPyTy,"[[-0.156074    0.46002647]
 [ 0.3876516   0.47107106]
 [ 0.46148151  0.53402649]
 [-1.46929949  0.58820143]
 [-3.2970828   0.17509701]
 [-2.0979909   0.43424909]]","$R_{x,y,z}HF_{x,y,z}$",1000,1000,999,0.5,0.8,0.1,/panfs/panasas01/phys/bf16951/QMD/ParallelDevelopment/Results/Sep_10/19_42/logs/qhl_test_85.qmd.7427424.log,config_p1000_e1000_b999_ra0.8_rt0.5_rp0.1,$P_{1000}E_{1000}B_{999}RT_{0.5}RA_{0.8}RP_{0.1}H_{1999000}$,20418.96867966652,85,1,0,0,0,2,6,"{'zTi': -0.15607399698010585, 'yTi': 0.38765159995825321, 'xTi': 0.4614815083955523, 'xTx': -1.4692994917730349, 'zTz': -3.2970828034923145, 'yTy': -2.0979908997497758}"
xTiPPxTxPPyTiPPzTiPPzTz,zTiPPyTiPPxTiPPxTxPPzTz,"[[ 0.22798591  0.32524726]
 [ 0.29160608  0.54904874]
 [ 0.48173323  0.50731527]
 [-1.9061654   0.47361938]
 [-3.15124109  0.13562337]]","$R_{x,y,z}HF_{x,z}$",1000,1000,999,0.5,0.8,0.1,/panfs/panasas01/phys/bf16951/QMD/ParallelDevelopment/Results/Sep_10/19_42/logs/qhl_test_94.qmd.7427433.log,config_p1000_e1000_b999_ra0.8_rt0.5_rp0.1,$P_{1000}E_{1000}B_{999}RT_{0.5}RA_{0.8}RP_{0.1}H_{1999000}$,18424.655103445053,94,0,1,0,0,2,5,"{'zTi': 0.22798590522031076, 'yTi': 0.29160607597893845, 'xTi': 0.48173322921965145, 'xTx': -1.9061653981724302, 'zTz': -3.1512410892738689}"
xTiPPxTxPPyTiPPyTyPPzTiPPzTz,zTiPPxTiPPyTiPPzTzPPxTxPPyTy,"[[ 0.61954742  0.35264361]
 [ 0.16210646  0.4033009 ]
 [ 0.57869123  0.37464324]
 [-3.47871724  0.19696174]
 [-2.04480674  0.44425306]
 [-2.08686475  0.51724444]]","$R_{x,y,z}HF_{x,y,z}$",1000,1000,999,0.5,0.8,0.1,/panfs/panasas01/phys/bf16951/QMD/ParallelDevelopment/Results/Sep_10/19_42/logs/qhl_test_90.qmd.7427429.log,config_p1000_e1000_b999_ra0.8_rt0.5_rp0.1,$P_{1000}E_{1000}B_{999}RT_{0.5}RA_{0.8}RP_{0.1}H_{1999000}$,18777.602643013,90,1,0,0,0,2,6,"{'zTi': 0.61954741569283966, 'xTi': 0.1621064557810675, 'yTi': 0.57869123374881681, 'zTz': -3.478717237242297, 'xTx': -2.0448067449342529, 'yTy': -2.0868647510256579}"
xTiPPxTxPPyTiPPzTiPPzTz,zTiPPyTiPPxTiPPzTzPPxTx,"[[ 0.60907152  0.26400522]
 [ 0.54645342  0.49133598]
 [ 0.43479382  0.4868264 ]
 [-3.11973688  0.15878741]
 [-1.94567632  0.5041261 ]]","$R_{x,y,z}HF_{x,z}$",1000,1000,999,0.5,0.8,0.1,/panfs/panasas01/phys/bf16951/QMD/ParallelDevelopment/Results/Sep_10/19_42/logs/qhl_test_105.qmd.7427444.log,config_p1000_e1000_b999_ra0.8_rt0.5_rp0.1,$P_{1000}E_{1000}B_{999}RT_{0.5}RA_{0.8}RP_{0.1}H_{1999000}$,18335.51528763771,105,0,1,0,0,2,5,"{'zTi': 0.60907152362013528, 'yTi': 0.54645342354017656, 'xTi': 0.43479381692134811, 'zTz': -3.1197368791229665, 'xTx': -1.9456763195063294}"
xTiPPxTxPPyTiPPyTyPPzTiPPzTz,zTiPPyTiPPxTiPPyTyPPzTzPPxTx,"[[ 0.25361165  0.33254157]
 [ 0.24946837  0.48675343]
 [ 0.66072133  0.47791383]
 [-2.44257492  0.52959037]
 [-4.1114722   0.19531045]
 [-2.00375256  0.44006315]]","$R_{x,y,z}HF_{x,y,z}$",1000,1000,999,0.5,0.8,0.1,/panfs/panasas01/phys/bf16951/QMD/ParallelDevelopment/Results/Sep_10/19_42/logs/qhl_test_103.qmd.7427442.log,config_p1000_e1000_b999_ra0.8_rt0.5_rp0.1,$P_{1000}E_{1000}B_{999}RT_{0.5}RA_{0.8}RP_{0.1}H_{1999000}$,19152.247101783752,103,1,0,0,0,2,6,"{'zTi': 0.2536116507060463, 'yTi': 0.24946836818685472, 'xTi': 0.66072133426845081, 'yTy': -2.4425749186940147, 'zTz': -4.1114721979339945, 'xTx': -2.0037525554731754}"
xTiPPxTxPPyTiPPyTyPPzTiPPzTz,zTiPPyTiPPxTiPPzTzPPxTxPPyTy,"[[ 0.25052774  0.56253219]
 [ 0.22017025  0.48156888]
 [ 0.59054291  0.59703938]
 [-3.78609518  0.22039564]
 [-2.09989745  0.49331004]
 [-2.1398444   0.55447815]]","$R_{x,y,z}HF_{x,y,z}$",1000,1000,999,0.5,0.8,0.1,/panfs/panasas01/phys/bf16951/QMD/ParallelDevelopment/Results/Sep_10/19_42/logs/qhl_test_106.qmd.7427445.log,config_p1000_e1000_b999_ra0.8_rt0.5_rp0.1,$P_{1000}E_{1000}B_{999}RT_{0.5}RA_{0.8}RP_{0.1}H_{1999000}$,18846.053406715393,106,1,0,0,0,2,6,"{'zTi': 0.25052773656772886, 'yTi': 0.22017025471495316, 'xTi': 0.59054291121691727, 'zTz': -3.7860951760484176, 'xTx': -2.0998974465442655, 'yTy': -2.1398443981321154}"
xTiPPxTxPPyTiPPyTyPPzTiPPzTz,zTiPPyTiPPxTiPPzTzPPyTyPPxTx,"[[ 0.96071176  0.39795502]
 [ 0.5429113   0.48286264]
 [ 0.4896028   0.43339302]
 [-3.40020967  0.19859824]
 [-2.1454486   0.44211277]
 [-2.04755565  0.4391115 ]]","$R_{x,y,z}HF_{x,y,z}$",1000,1000,999,0.5,0.8,0.1,/panfs/panasas01/phys/bf16951/QMD/ParallelDevelopment/Results/Sep_10/19_42/logs/qhl_test_109.qmd.7427448.log,config_p1000_e1000_b999_ra0.8_rt0.5_rp0.1,$P_{1000}E_{1000}B_{999}RT_{0.5}RA_{0.8}RP_{0.1}H_{1999000}$,18723.72778582573,109,1,0,0,0,2,6,"{'zTi': 0.96071176178716444, 'yTi': 0.54291129666192428, 'xTi': 0.48960280084611113, 'zTz': -3.4002096689069887, 'yTy': -2.1454485966847803, 'xTx': -2.0475556532593027}"
xTiPPxTxPPyTiPPyTyPPzTiPPzTz,zTiPPyTiPPxTiPPzTzPPxTxPPyTy,"[[ 0.39496866  0.30728415]
 [ 0.13523527  0.44303338]
 [ 0.5432127   0.6443858 ]
 [-3.63430941  0.19670016]
 [-2.47980771  0.50564593]
 [-1.90325171  0.45136048]]","$R_{x,y,z}HF_{x,y,z}$",1000,1000,999,0.5,0.8,0.1,/panfs/panasas01/phys/bf16951/QMD/ParallelDevelopment/Results/Sep_10/19_42/logs/qhl_test_104.qmd.7427443.log,config_p1000_e1000_b999_ra0.8_rt0.5_rp0.1,$P_{1000}E_{1000}B_{999}RT_{0.5}RA_{0.8}RP_{0.1}H_{1999000}$,19618.651468515396,104,1,0,0,0,2,6,"{'zTi': 0.39496866238933398, 'yTi': 0.13523526849467266, 'xTi': 0.54321270310903991, 'zTz': -3.6343094104950819, 'xTx': -2.4798077143674373, 'yTy': -1.9032517104601747}"
xTiPPxTxPPyTiPPyTyPPzTiPPzTz,zTiPPyTiPPxTiPPzTzPPyTyPPxTx,"[[ 0.1053536   0.40586647]
 [ 0.35258162  0.56561028]
 [ 0.16591158  0.55006307]
 [-3.66421261  0.1810049 ]
 [-1.99587277  0.52115331]
 [-2.53666189  0.45449567]]","$R_{x,y,z}HF_{x,y,z}$",1000,1000,999,0.5,0.8,0.1,/panfs/panasas01/phys/bf16951/QMD/ParallelDevelopment/Results/Sep_10/19_42/logs/qhl_test_96.qmd.7427435.log,config_p1000_e1000_b999_ra0.8_rt0.5_rp0.1,$P_{1000}E_{1000}B_{999}RT_{0.5}RA_{0.8}RP_{0.1}H_{1999000}$,21044.051795482635,96,1,0,0,0,2,6,"{'zTi': 0.10535360158837616, 'yTi': 0.35258162299567153, 'xTi': 0.16591158080274218, 'zTz': -3.6642126061152362, 'yTy': -1.9958727718817459, 'xTx': -2.5366618870815842}"
xTiPPyTiPPyTyPPzTiPPzTz,zTiPPyTiPPxTiPPzTzPPyTy,"[[-0.18835759  0.34163849]
 [ 0.57695042  0.47124468]
 [ 0.45249297  0.60258777]
 [-3.16096955  0.17740096]
 [-2.08914458  0.4585197 ]]","$R_{x,y,z}HF_{y,z}$",1000,1000,999,0.5,0.8,0.1,/panfs/panasas01/phys/bf16951/QMD/ParallelDevelopment/Results/Sep_10/19_42/logs/qhl_test_97.qmd.7427436.log,config_p1000_e1000_b999_ra0.8_rt0.5_rp0.1,$P_{1000}E_{1000}B_{999}RT_{0.5}RA_{0.8}RP_{0.1}H_{1999000}$,21224.82719707489,97,0,1,0,0,2,5,"{'zTi': -0.18835758553749701, 'yTi': 0.57695041921386447, 'xTi': 0.45249297463121529, 'zTz': -3.1609695450773434, 'yTy': -2.0891445849491466}"
xTiPPxTxPPyTiPPyTyPPzTiPPzTz,zTiPPyTiPPxTiPPzTzPPyTyPPxTx,"[[ 0.81732897  0.32853299]
 [ 0.20877613  0.41552505]
 [ 0.52064352  0.49502461]
 [-3.56387038  0.21312298]
 [-1.7871788   0.44578236]
 [-1.66119735  0.50681888]]","$R_{x,y,z}HF_{x,y,z}$",1000,1000,999,0.5,0.8,0.1,/panfs/panasas01/phys/bf16951/QMD/ParallelDevelopment/Results/Sep_10/19_42/logs/qhl_test_13.qmd.7427352.log,config_p1000_e1000_b999_ra0.8_rt0.5_rp0.1,$P_{1000}E_{1000}B_{999}RT_{0.5}RA_{0.8}RP_{0.1}H_{1999000}$,35072.766924381256,13,1,0,0,0,2,6,"{'zTi': 0.81732897387412362, 'yTi': 0.2087761254621904, 'xTi': 0.52064351734261249, 'zTz': -3.5638703808058128, 'yTy': -1.7871788047887227, 'xTx': -1.6611973462178717}"
xTiPPxTxPPyTiPPyTyPPzTiPPzTz,zTiPPyTiPPxTiPPzTzPPxTxPPyTy,"[[-0.14832617  0.43327299]
 [ 0.25103695  0.4636303 ]
 [ 0.17845682  0.46306675]
 [-4.13868506  0.23702105]
 [-2.16252841  0.47487525]
 [-1.75859593  0.53163859]]","$R_{x,y,z}HF_{x,y,z}$",1000,1000,999,0.5,0.8,0.1,/panfs/panasas01/phys/bf16951/QMD/ParallelDevelopment/Results/Sep_10/19_42/logs/qhl_test_107.qmd.7427446.log,config_p1000_e1000_b999_ra0.8_rt0.5_rp0.1,$P_{1000}E_{1000}B_{999}RT_{0.5}RA_{0.8}RP_{0.1}H_{1999000}$,19589.22692966461,107,1,0,0,0,2,6,"{'zTi': -0.14832617422534222, 'yTi': 0.25103694696784884, 'xTi': 0.1784568233419169, 'zTz': -4.1386850618242059, 'xTx': -2.1625284132416489, 'yTy': -1.7585959251717778}"
xTiPPyTiPPyTyPPzTiPPzTz,zTiPPyTiPPxTiPPzTzPPyTy,"[[ 0.74759343  0.35225317]
 [ 0.64977238  0.44775199]
 [ 0.35863214  0.49822776]
 [-3.28804358  0.19613895]
 [-2.00352323  0.47986424]]","$R_{x,y,z}HF_{y,z}$",1000,1000,999,0.5,0.8,0.1,/panfs/panasas01/phys/bf16951/QMD/ParallelDevelopment/Results/Sep_10/19_42/logs/qhl_test_79.qmd.7427418.log,config_p1000_e1000_b999_ra0.8_rt0.5_rp0.1,$P_{1000}E_{1000}B_{999}RT_{0.5}RA_{0.8}RP_{0.1}H_{1999000}$,26250.509889125824,79,0,1,0,0,2,5,"{'zTi': 0.74759343070105333, 'yTi': 0.64977238059272469, 'xTi': 0.35863214276362182, 'zTz': -3.2880435762713707, 'yTy': -2.003523234869331}"
xTiPPxTxPPyTiPPyTyPPzTiPPzTz,zTiPPyTiPPxTiPPzTzPPyTyPPxTx,"[[ 0.38830263  0.3827171 ]
 [ 0.71847016  0.42500559]
 [ 0.43394021  0.45747541]
 [-3.50377649  0.26466361]
 [-1.80706594  0.45115463]
 [-2.05005664  0.56688549]]","$R_{x,y,z}HF_{x,y,z}$",1000,1000,999,0.5,0.8,0.1,/panfs/panasas01/phys/bf16951/QMD/ParallelDevelopment/Results/Sep_10/19_42/logs/qhl_test_26.qmd.7427365.log,config_p1000_e1000_b999_ra0.8_rt0.5_rp0.1,$P_{1000}E_{1000}B_{999}RT_{0.5}RA_{0.8}RP_{0.1}H_{1999000}$,35432.91151499748,26,1,0,0,0,2,6,"{'zTi': 0.38830263145719207, 'yTi': 0.71847016478640646, 'xTi': 0.43394020924696286, 'zTz': -3.5037764867781789, 'yTy': -1.8070659440295245, 'xTx': -2.0500566385929737}"
xTiPPxTxPPyTiPPyTyPPzTiPPzTz,zTiPPyTiPPxTiPPzTzPPyTyPPxTx,"[[ 0.09713649  0.38419706]
 [ 0.51484612  0.45219434]
 [ 0.61667532  0.50348563]
 [-3.4325887   0.17919132]
 [-1.96659577  0.47323466]
 [-1.92078544  0.44289303]]","$R_{x,y,z}HF_{x,y,z}$",1000,1000,999,0.5,0.8,0.1,/panfs/panasas01/phys/bf16951/QMD/ParallelDevelopment/Results/Sep_10/19_42/logs/qhl_test_101.qmd.7427440.log,config_p1000_e1000_b999_ra0.8_rt0.5_rp0.1,$P_{1000}E_{1000}B_{999}RT_{0.5}RA_{0.8}RP_{0.1}H_{1999000}$,20775.943562746048,101,1,0,0,0,2,6,"{'zTi': 0.097136486426590063, 'yTi': 0.51484612314699263, 'xTi': 0.6166753201356181, 'zTz': -3.4325887036976792, 'yTy': -1.9665957693852629, 'xTx': -1.9207854427050362}"
xTiPPxTxPPyTiPPyTyPPzTiPPzTz,zTiPPyTiPPxTiPPzTzPPxTxPPyTy,"[[ 0.31261344  0.34323649]
 [ 0.46956451  0.47395688]
 [ 0.46574302  0.54889286]
 [-3.6463995   0.22288336]
 [-1.93465471  0.43160985]
 [-2.09335647  0.49385034]]","$R_{x,y,z}HF_{x,y,z}$",1000,1000,999,0.5,0.8,0.1,/panfs/panasas01/phys/bf16951/QMD/ParallelDevelopment/Results/Sep_10/19_42/logs/qhl_test_102.qmd.7427441.log,config_p1000_e1000_b999_ra0.8_rt0.5_rp0.1,$P_{1000}E_{1000}B_{999}RT_{0.5}RA_{0.8}RP_{0.1}H_{1999000}$,21055.3869972229,102,1,0,0,0,2,6,"{'zTi': 0.3126134381110835, 'yTi': 0.46956451047851294, 'xTi': 0.46574302151545816, 'zTz': -3.6463994957685104, 'xTx': -1.9346547149386897, 'yTy': -2.0933564742645738}"
xTiPPxTxPPyTiPPyTyPPzTiPPzTz,zTiPPxTiPPyTiPPxTxPPzTzPPyTy,"[[ 0.48493267  0.38694589]
 [ 0.79177423  0.69552279]
 [ 0.48017658  0.52314261]
 [-1.97819706  0.5671419 ]
 [-3.66233418  0.20237326]
 [-1.988329    0.51539933]]","$R_{x,y,z}HF_{x,y,z}$",1000,1000,999,0.5,0.8,0.1,/panfs/panasas01/phys/bf16951/QMD/ParallelDevelopment/Results/Sep_10/19_42/logs/qhl_test_100.qmd.7427439.log,config_p1000_e1000_b999_ra0.8_rt0.5_rp0.1,$P_{1000}E_{1000}B_{999}RT_{0.5}RA_{0.8}RP_{0.1}H_{1999000}$,23779.53766655922,100,1,0,0,0,2,6,"{'zTi': 0.48493266940857144, 'xTi': 0.79177423474379582, 'yTi': 0.48017657974376005, 'xTx': -1.9781970635637254, 'zTz': -3.6623341787172468, 'yTy': -1.9883289982463184}"
xTiPPxTxPPyTiPPyTyPPzTi,zTiPPyTiPPxTiPPxTxPPyTy,"[[ 3.12344368  0.13551324]
 [ 0.46382951  0.36111142]
 [ 0.79161939  0.47474638]
 [-2.22709146  0.38201863]
 [-2.09332947  0.58121405]]","$R_{x,y,z}HF_{x,y}$",1000,1000,999,0.5,0.8,0.1,/panfs/panasas01/phys/bf16951/QMD/ParallelDevelopment/Results/Sep_10/19_42/logs/qhl_test_108.qmd.7427447.log,config_p1000_e1000_b999_ra0.8_rt0.5_rp0.1,$P_{1000}E_{1000}B_{999}RT_{0.5}RA_{0.8}RP_{0.1}H_{1999000}$,23095.960052251816,108,0,1,0,0,2,5,"{'zTi': 3.1234436841282465, 'yTi': 0.46382950990629779, 'xTi': 0.7916193949889172, 'xTx': -2.2270914648953393, 'yTy': -2.0933294739915413}"
xTiPPxTxPPyTiPPyTyPPzTiPPzTz,zTiPPyTiPPxTiPPxTxPPyTyPPzTz,"[[ 0.1732937   0.32761208]
 [ 0.32496572  0.44283252]
 [ 0.57504076  0.4458594 ]
 [-1.84443594  0.42291366]
 [-1.90603638  0.4832592 ]
 [-3.71202198  0.18300409]]","$R_{x,y,z}HF_{x,y,z}$",1000,1000,999,0.5,0.8,0.1,/panfs/panasas01/phys/bf16951/QMD/ParallelDevelopment/Results/Sep_10/19_42/logs/qhl_test_99.qmd.7427438.log,config_p1000_e1000_b999_ra0.8_rt0.5_rp0.1,$P_{1000}E_{1000}B_{999}RT_{0.5}RA_{0.8}RP_{0.1}H_{1999000}$,24762.46274805069,99,1,0,0,0,2,6,"{'zTi': 0.17329369559053226, 'yTi': 0.32496571792213913, 'xTi': 0.57504076259101133, 'xTx': -1.8444359383133377, 'yTy': -1.9060363830500564, 'zTz': -3.7120219753567909}"
xTiPPxTxPPyTiPPzTiPPzTz,zTiPPyTiPPxTiPPzTzPPxTx,"[[-0.04821909  0.28517477]
 [ 0.56694839  0.4859542 ]
 [ 0.4905533   0.48201477]
 [-3.04301047  0.14081976]
 [-1.94227629  0.50532898]]","$R_{x,y,z}HF_{x,z}$",1000,1000,999,0.5,0.8,0.1,/panfs/panasas01/phys/bf16951/QMD/ParallelDevelopment/Results/Sep_10/19_42/logs/qhl_test_34.qmd.7427373.log,config_p1000_e1000_b999_ra0.8_rt0.5_rp0.1,$P_{1000}E_{1000}B_{999}RT_{0.5}RA_{0.8}RP_{0.1}H_{1999000}$,39176.880472421646,34,0,1,0,0,2,5,"{'zTi': -0.048219090793674597, 'yTi': 0.5669483913803065, 'xTi': 0.49055330014032705, 'zTz': -3.0430104680992098, 'xTx': -1.9422762916679013}"
xTiPPyTiPPyTyPPzTiPPzTz,zTiPPxTiPPyTiPPzTzPPyTy,"[[-0.33734486  0.28912779]
 [ 0.65315636  0.40133553]
 [ 0.36487688  0.49583367]
 [-3.06677234  0.1536997 ]
 [-2.12081556  0.49845373]]","$R_{x,y,z}HF_{y,z}$",1000,1000,999,0.5,0.8,0.1,/panfs/panasas01/phys/bf16951/QMD/ParallelDevelopment/Results/Sep_10/19_42/logs/qhl_test_44.qmd.7427383.log,config_p1000_e1000_b999_ra0.8_rt0.5_rp0.1,$P_{1000}E_{1000}B_{999}RT_{0.5}RA_{0.8}RP_{0.1}H_{1999000}$,39036.870250701904,44,0,1,0,0,2,5,"{'zTi': -0.33734485503765543, 'xTi': 0.65315635807994565, 'yTi': 0.36487687536541957, 'zTz': -3.066772336996582, 'yTy': -2.1208155599991252}"
xTiPPxTxPPyTiPPyTyPPzTiPPzTz,zTiPPyTiPPxTiPPzTzPPxTxPPyTy,"[[ 0.34510058  0.35928476]
 [ 0.40079955  0.44144636]
 [ 0.56182661  0.46239714]
 [-3.49731806  0.18310498]
 [-1.98954774  0.44778193]
 [-2.30267732  0.48581277]]","$R_{x,y,z}HF_{x,y,z}$",1000,1000,999,0.5,0.8,0.1,/panfs/panasas01/phys/bf16951/QMD/ParallelDevelopment/Results/Sep_10/19_42/logs/qhl_test_45.qmd.7427384.log,config_p1000_e1000_b999_ra0.8_rt0.5_rp0.1,$P_{1000}E_{1000}B_{999}RT_{0.5}RA_{0.8}RP_{0.1}H_{1999000}$,39411.10181117058,45,1,0,0,0,2,6,"{'zTi': 0.3451005759661615, 'yTi': 0.40079955071897622, 'xTi': 0.56182660711612653, 'zTz': -3.4973180559905712, 'xTx': -1.9895477395084002, 'yTy': -2.3026773248726697}"
xTiPPxTxPPyTiPPzTiPPzTz,zTiPPxTiPPyTiPPxTxPPzTz,"[[ 0.6018293   0.33844625]
 [ 0.54240445  0.50397728]
 [ 0.9493768   0.58883705]
 [-2.00251391  0.42761128]
 [-3.07590583  0.16350084]]","$R_{x,y,z}HF_{x,z}$",1000,1000,999,0.5,0.8,0.1,/panfs/panasas01/phys/bf16951/QMD/ParallelDevelopment/Results/Sep_10/19_42/logs/qhl_test_41.qmd.7427380.log,config_p1000_e1000_b999_ra0.8_rt0.5_rp0.1,$P_{1000}E_{1000}B_{999}RT_{0.5}RA_{0.8}RP_{0.1}H_{1999000}$,40407.98713064194,41,0,1,0,0,2,5,"{'zTi': 0.60182929721911727, 'xTi': 0.5424044482858037, 'yTi': 0.94937680089495735, 'xTx': -2.0025139141069115, 'zTz': -3.0759058340193364}"
xTiPPxTxPPyTiPPyTyPPzTiPPzTz,zTiPPyTiPPxTiPPzTzPPxTxPPyTy,"[[ 0.11154073  0.49040139]
 [ 0.75588725  0.57261279]
 [ 0.46594903  0.5284129 ]
 [-3.32936677  0.35745529]
 [-2.08750755  0.42918672]
 [-2.11768277  0.43884137]]","$R_{x,y,z}HF_{x,y,z}$",1000,1000,999,0.5,0.8,0.1,/panfs/panasas01/phys/bf16951/QMD/ParallelDevelopment/Results/Sep_10/19_42/logs/qhl_test_15.qmd.7427354.log,config_p1000_e1000_b999_ra0.8_rt0.5_rp0.1,$P_{1000}E_{1000}B_{999}RT_{0.5}RA_{0.8}RP_{0.1}H_{1999000}$,41461.45674443245,15,1,0,0,0,2,6,"{'zTi': 0.11154072902351704, 'yTi': 0.75588725083585906, 'xTi': 0.46594903490391687, 'zTz': -3.3293667670769747, 'xTx': -2.0875075513201793, 'yTy': -2.1176827662556996}"
xTiPPxTxPPyTiPPyTyPPzTiPPzTz,zTiPPyTiPPxTiPPxTxPPzTzPPyTy,"[[ 0.29309872  0.34285079]
 [ 0.44228288  0.51347168]
 [ 0.38532661  0.49820701]
 [-1.88034217  0.51510469]
 [-3.51951716  0.16549152]
 [-1.99371774  0.42456787]]","$R_{x,y,z}HF_{x,y,z}$",1000,1000,999,0.5,0.8,0.1,/panfs/panasas01/phys/bf16951/QMD/ParallelDevelopment/Results/Sep_10/19_42/logs/qhl_test_98.qmd.7427437.log,config_p1000_e1000_b999_ra0.8_rt0.5_rp0.1,$P_{1000}E_{1000}B_{999}RT_{0.5}RA_{0.8}RP_{0.1}H_{1999000}$,28058.0361828804,98,1,0,0,0,2,6,"{'zTi': 0.29309872396761594, 'yTi': 0.4422828777870611, 'xTi': 0.38532660518697076, 'xTx': -1.880342170212536, 'zTz': -3.5195171643244159, 'yTy': -1.9937177406680133}"
xTiPPxTxPPyTiPPyTyPPzTiPPzTz,zTiPPyTiPPxTiPPzTzPPxTxPPyTy,"[[ 0.73110001  0.23548022]
 [ 0.57658465  0.44566159]
 [ 0.56290334  0.43574289]
 [-3.67022153  0.17713757]
 [-2.15762601  0.5825668 ]
 [-2.00902823  0.51519755]]","$R_{x,y,z}HF_{x,y,z}$",1000,1000,999,0.5,0.8,0.1,/panfs/panasas01/phys/bf16951/QMD/ParallelDevelopment/Results/Sep_10/19_42/logs/qhl_test_110.qmd.7427449.log,config_p1000_e1000_b999_ra0.8_rt0.5_rp0.1,$P_{1000}E_{1000}B_{999}RT_{0.5}RA_{0.8}RP_{0.1}H_{1999000}$,26438.863337278366,110,1,0,0,0,2,6,"{'zTi': 0.73110000530275476, 'yTi': 0.5765846542094647, 'xTi': 0.5629033356485863, 'zTz': -3.6702215303156573, 'xTx': -2.1576260060361352, 'yTy': -2.0090282342217947}"
xTiPPxTxPPyTiPPyTyPPzTiPPzTz,zTiPPyTiPPxTiPPzTzPPyTyPPxTx,"[[ 0.86522908  0.44773662]
 [ 0.32984132  0.4706561 ]
 [ 0.61478952  0.46894939]
 [-3.29865867  0.27949901]
 [-1.95383551  0.43893729]
 [-1.82375331  0.50356839]]","$R_{x,y,z}HF_{x,y,z}$",1000,1000,999,0.5,0.8,0.1,/panfs/panasas01/phys/bf16951/QMD/ParallelDevelopment/Results/Sep_10/19_42/logs/qhl_test_30.qmd.7427369.log,config_p1000_e1000_b999_ra0.8_rt0.5_rp0.1,$P_{1000}E_{1000}B_{999}RT_{0.5}RA_{0.8}RP_{0.1}H_{1999000}$,43400.88857769966,30,1,0,0,0,2,6,"{'zTi': 0.86522907808384431, 'yTi': 0.32984131984871085, 'xTi': 0.61478951935147985, 'zTz': -3.2986586697413784, 'yTy': -1.9538355116349271, 'xTx': -1.8237533051779962}"
